key,english,kiswahili_for_reference,Kiembu_draft,Kiembu_corrected,ok_as_is
appTagline,Your VSLA in your pocket,VSLA yako mfukoni mwako,VSLA yaku muthithu-ini waku,,
navDashboard,Dashboard,Muhtasari,Dashboard,,
navMeetings,Meetings,Mikutano,Micemanio,,
navMembers,Members,Wanachama,Amemba,,
navLoans,Loans,Mikopo,Mikopo,,
navMore,More,Zaidi,Mangi,,
welcomeTitle,Welcome to Intelli-Cash,Karibu Intelli-Cash,Wamukiro Intelli-Cash,,
welcomeCreateAccountPrompt,Create your account to get started.,Fungua akaunti yako ili uanze.,Ambiriria na guthondeka akaunti yaku.,,
welcomeAccountReady,Your account is ready.,Akaunti yako iko tayari.,Akaunti yaku ni yehaariirie.,,
createAccount,Create Account,Fungua Akaunti,Thondeka Akaunti,,
createAccountSubtitle,"New here? Set up an account for your group, yourself, or your work as an agent.","Ni mara yako ya kwanza? Fungua akaunti ya kikundi chenu, yako binafsi, au ya kazi yako kama wakala.","Ni mbere yaku? Thondeka akaunti ya gikundi kianyu, yaku we mwene, kana ya wira waku ta murugamiriri.",,
signIn,Sign In,Ingia,Toonya,,
signInSubtitle,I already have an Intelli-Cash account.,Tayari nina akaunti ya Intelli-Cash.,Ndi na akaunti ya Intelli-Cash.,,
signOut,Sign out,Toka,Uma,,
signedInAs,Signed in as {name}.,Umeingia kama {name}.,Witoonyetie ta {name}.,,
setUpGroup,Set up my group on this phone,Sajili kikundi changu kwenye simu hii,Thondeka gikundi giakwa thimu-ini ino,,
setUpGroupSubtitle,"Keep your group's savings, loans and meetings — works without internet once set up.","Weka akiba, mikopo na mikutano ya kikundi chenu — hufanya kazi bila intaneti baada ya kusajili.","Iga uigi, mikopo na micemanio ya gikundi kianyu — ni irutaga wira o na hatari intaneti.",,
whoIsThisAccountFor,Who is this account for?,Akaunti hii ni ya nani?,Akaunti ino ni ya u?,,
pickOneLater,Pick one — you can always add more accounts later.,Chagua moja — unaweza kuongeza akaunti nyingine baadaye.,Thuura imwe — no wongerere ingi thutha-ini.,,
accountTypeGroup,Our Group,Kikundi Chetu,Gikundi Giitu,,
accountTypeGroupSubtitle,"This phone will keep our group's savings, loans and meetings.","Simu hii itatunza akiba, mikopo na mikutano ya kikundi chetu.","Thimu ino niyo ikuiga uigi, mikopo na micemanio ya gikundi giitu.",,
accountTypeMember,Just Me,Mimi Peke Yangu,Nii Nyiki,,
accountTypeMemberSubtitle,"I want to see my own savings, shares and loans.","Nataka kuona akiba, hisa na mikopo yangu.","Ningwenda kuona uigi, hisa na mikopo yakwa.",,
accountTypeAgent,Field Agent,Wakala wa Ugani,Murugamiriri wa Mugunda,,
accountTypeAgentSubtitle,Village Agent or CBT — I support and monitor several groups.,Wakala wa Kijiji au CBT — nasaidia na kufuatilia vikundi kadhaa.,Murugamiriri wa Ituura kana CBT — nindeithagia na ngarora ikundi nyingi.,,
change,Change,Badilisha,Garura,,
groupNameLabel,Group name,Jina la kikundi,Riitwa ria gikundi,,
yourFullName,Your full name,Jina lako kamili,Riitwa riaku riothe,,
phoneNumber,Phone number,Nambari ya simu,Namba ya thimu,,
password,Password,Nenosiri,Kihithe,,
passwordHint,At least 6 characters — keep it secret.,Angalau herufi 6 — liweke siri.,Ndemwa 6 kana nyingi — kiige kiri kihithe.,,
repeatPassword,Repeat password,Rudia nenosiri,Cookera kihithe,,
emailOptional,Email (optional),Barua pepe (si lazima),Barua ya intaneti (ti bata),,
countyOptional,County (optional),Kaunti (si lazima),Kaunti (ti bata),,
createMyAccount,Create My Account,Fungua Akaunti Yangu,Thondeka Akaunti Yakwa,,
creatingAccount,Creating account…,Inafungua akaunti…,Niguthondekwo akaunti…,,
registerNeedsInternet,Creating an account needs an internet connection. Your phone number is your sign-in.,Kufungua akaunti kunahitaji intaneti. Nambari yako ya simu ndiyo utakayotumia kuingia.,Guthondeka akaunti nikubataraga intaneti. Namba yaku ya thimu niyo ukuhuthira gutoonya.,,
welcomeBack,Welcome back,Karibu tena,Wamukiro ringi,,
signInWithPhone,Sign in with your phone number and password.,Ingia kwa nambari yako ya simu na nenosiri.,Toonya na namba yaku ya thimu na kihithe.,,
phoneOrEmail,Phone number or email,Nambari ya simu au barua pepe,Namba ya thimu kana barua ya intaneti,,
signingIn,Signing in…,Inaingia…,Nigutoonywo…,,
sessionNote,Your session lasts 8 hours. The group's record book keeps working offline once you are signed in.,Kipindi chako hudumu saa 8; daftari la nje ya mtandao huendelea kufanya kazi bila kuingia tena.,Mahinda maku ni mathaa 8. Ibuku ria gikundi rithiaga na mbere kuruta wira o na hatari intaneti waarikia gutoonya.,,
sectionGroup,Group,Kikundi,Gikundi,,
sectionReports,Reports,Ripoti,Ripoti,,
sectionEndOfCycle,End of cycle,Mwisho wa mzunguko,Muthia wa muthiururuko,,
sectionCloudBackup,Cloud & backup,Wingu na hifadhi,Matu na kuiga,,
sectionAppearance,Appearance,Muonekano,Muonekere,,
sectionLanguage,Language,Lugha,Ruthiomi,,
sectionAbout,About,Kuhusu,Uhoro,,
groupSettings,Group Settings,Mipangilio ya Kikundi,Mibango ya Gikundi,,
groupSettingsSubtitle,"Savings, loans and meeting days","Akiba, mikopo na siku za mikutano","Uigi, mikopo na mithenya ya micemanio",,
meetingSecurity,Meeting Security,Usalama wa Mkutano,Ugitiri wa Mucemanio,,
memberAccounts,Member Accounts,Akaunti za Wanachama,Akaunti cia Amemba,,
memberAccountsSubtitle,Let members get their own sign-in to see their savings,Ruhusu wanachama wapate akaunti zao kuona akiba zao,Rekereria amemba magie na akaunti ciao mone uigi wao,,
groupRules,Group Rules,Sheria za Kikundi,Mawatho ma Gikundi,,
groupReport,Group Report,Ripoti ya Kikundi,Ripoti ya Gikundi,,
groupReportSubtitle,"Money, members and meetings — share text or PDF","Pesa, wanachama na mikutano — tuma maandishi au PDF","Mbeca, amemba na micemanio — tuma maandiko kana PDF",,
memberReports,Member Reports,Ripoti za Wanachama,Ripoti cia Amemba,,
memberReportsSubtitle,A statement for each member — share text or PDF,Taarifa ya kila mwanachama — tuma maandishi au PDF,Uhoro wa o mumemba — tuma maandiko kana PDF,,
shareOut,Share-Out,Mgao wa Mwisho,Kugayana,,
shareOutSubtitle,Share the group fund back to members,Gawa pesa za kikundi kwa wanachama,Gaira amemba mbeca cia gikundi,,
cloudAccount,Cloud Account,Akaunti ya Wingu,Akaunti ya Matu,,
syncBackup,Sync & Backup,Sawazisha na Hifadhi,Kuiganania na Kuiga,,
intelliStores,Intelli-Stores,Intelli-Stores,Intelli-Stores,,
language,Language,Lugha,Ruthiomi,,
languageSubtitle,Choose the language for this phone,Chagua lugha ya simu hii,Thuura ruthiomi rwa thimu ino,,
languageNeedsReview,"Every screen is translated, but a speaker of this language has not checked the wording yet. If something reads wrongly, please tell us — you can switch back to English or Kiswahili at any time.","Kila skrini imetafsiriwa, lakini mzungumzaji wa lugha hii bado hajakagua maneno. Kama kitu hakisomeki vizuri, tuambie — unaweza kurudi kwa Kiingereza au Kiswahili wakati wowote.","Ithangu ri riothe niriataurwo, no mundu uaragia ruthiomi ruru ndari arorire ciugo. Kungikoruo hari undu utathomeka wega, tumenyithie — no ucooke Githungu kana Githwahili hindi o yothe.",,
shareTextButton,Share Text,Tuma Maandishi,Tuma Maandiko,,
back,Back,Rudi,Cooka,,
cancel,Cancel,Ghairi,Tiga,,
signedOut,Signed out.,Umetoka.,Niwoima.,,
signOutKeepsRecords,"Your group's savings, loans and meetings stay saved on this phone, but nobody can open them until you sign in again. Your phone number will be remembered.","Akiba, mikopo na mikutano ya kikundi chenu vitabaki vimehifadhiwa kwenye simu hii, lakini hakuna atakayeweza kuvifungua hadi uingie tena. Nambari yako ya simu itakumbukwa.","Uigi, mikopo na micemanio ya gikundi kianyu igutigwo iigitwo thimu-ini ino, no gutiri mundu ungimihingura utatoonyete ringi. Namba yaku ya thimu niikuririkanwo.",,
signOutMemberNote,You will need to sign in again to see your savings. Your phone number will be remembered.,Utahitaji kuingia tena ili kuona akiba yako. Nambari yako ya simu itakumbukwa.,Niukabatara gutoonya ringi niguo wone uigi waku. Namba yaku ya thimu niikuririkanwo.,,
signOutAgentNote,You will need to sign in again to see your groups. Your phone number will be remembered.,Utahitaji kuingia tena ili kuona vikundi vyako. Nambari yako ya simu itakumbukwa.,Niukabatara gutoonya ringi niguo wone ikundi ciaku. Namba yaku ya thimu niikuririkanwo.,,
whoIsSigningIn,Who is signing in?,Nani anaingia?,Nuu uratoonya?,,
whoIsSigningInSubtitle,"Choose the kind of account you use, then enter your phone number and password.","Chagua aina ya akaunti unayotumia, kisha weka nambari yako ya simu na nenosiri.","Thuura muthemba wa akaunti urahuthira, ucooke wikire namba yaku ya thimu na kihithe.",,
welfareRecordThisPayment,Record this payment?,Rekodi malipo haya?,Andika irihi riri?,,
welfareRecordPayment,Record payment,Rekodi malipo,Andika irihi,,
welfareWelfareFund,Welfare Fund,Mfuko wa Jamii,Muthithu wa Uteithio,,
welfareCouldNotLoadTheWelfare,Could not load the welfare fund.,Imeshindwa kupakia mfuko wa jamii.,Muthithu wa uteithio ndunahota kurutwo.,,
welfareTryAgain,Try again,Jaribu tena,Geria ringi,,
welfareLeftInTheWelfareFund,Left in the welfare fund,Kilichobaki kwenye mfuko wa jamii,Kiria gitigarite muthithu-ini wa uteithio,,
welfareRecordAWelfarePayment,Record a welfare payment,Rekodi malipo ya jamii,Andika irihi ria uteithio,,
welfarePaidOutThisCycle,Paid out this cycle,Kilicholipwa mzunguko huu,Kiria kirihitwo muthiururuko-ini uyu,,
welfareNothingPaidOutYetThe,Nothing paid out yet — the whole welfare fund will be shared.,Hakuna kilicholipwa bado — mfuko wote wa jamii utagawanywa.,Gutiri kirihitwo — muthithu wothe wa uteithio niukugayanwo.,,
welfareRecordedInMeeting,Recorded in meeting,Imerekodiwa kwenye mkutano,Kwandikiirwo mucemanio-ini,,
welfareAmountKsh,Amount (KSh),Kiasi (KSh),Muigana (KSh),,
welfareWhatFor,What for,Kwa ajili gani,Ni kwa undu uriku,,
welfarePaidTo,Paid to,Amelipwa,Aarihirwo,,
welfareAMemberAFamilyOr,"A member, a family, or a hospital — whoever received it","Mwanachama, familia au hospitali — yeyote aliyepokea","Mumemba, mucii, kana thibitari — mundu o wothe uria waamukirire",,
welfareNoteOptional,Note (optional),Maelezo (si lazima),Uhoro (ti bata),,
meetingHubEditAttendance,Edit attendance,Badilisha mahudhurio,Garura ukinyu,,
meetingHubCloseLockMeeting,Close & Lock Meeting,Funga na Ufunge Mkutano,Hinga na Uhingire Mucemanio,,
meetingHubClosingLocksAllRecordsPermanently,Closing locks all records permanently.,Kufunga hufunga rekodi zote milele.,Kuhinga kuhingaga maandiko mothe nginya tene.,,
meetingHubKeepOpen,Keep Open,Acha Wazi,Tiga Uhingukite,,
meetingHubCloseLock,Close & Lock,Funga na Ufunge,Hinga na Uhingire,,
meetingHubSocialFund,Social Fund,Mfuko wa Jamii,Muthithu wa Uteithio,,
meetingHubBuyShares,Buy Shares,Nunua Hisa,Gura Hisa,,
meetingHubRecordFine,Record Fine,Rekodi Faini,Andika Faini,,
meetingHubDisburseLoan,Disburse Loan,Toa Mkopo,Heana Mukopo,,
meetingHubRepayment,Repayment,Marejesho,Kuriha,,
meetingHubShareRecords,Share Records,Rekodi za Hisa,Maandiko ma Hisa,,
meetingHubVoting,Voting,Kupiga Kura,Gutua,,
meetingHubWelfare,Welfare,Jamii,Uteithio,,
meetingHubIntelliStore,Intelli-Store,Intelli-Store,Intelli-Store,,
meetingHubExternalLoans,External Loans,Mikopo ya Nje,Mikopo ya Nja,,
groupSetupWizardAddTheMembersJoiningThis,Add the members joining this cycle. You can always add more later.,Ongeza wanachama wanaojiunga na mzunguko huu. Unaweza kuongeza wengine baadaye.,Ongerera amemba aria marenyita muthiururuko uyu. No wongerere angi hindi ingi.,,
groupSetupWizardEveryoneBuysSharesAtOne,Everyone buys shares at one fixed price,Kila mtu ananunua hisa kwa bei moja isiyobadilika,Mundu o wothe aguraga hisa na thogora umwe utagarurukaga,,
groupSetupWizardMembersSaveWhatTheyCan,Members save what they can each meeting,Wanachama huweka akiba kadri wawezavyo kila mkutano,Amemba maigaga kiria mangihota o mucemanio,,
groupSetupWizardGroupName,Group Name,Jina la Kikundi,Rietwa ria gikundi,,
groupSetupWizardCycleNumber,Cycle Number,Namba ya Mzunguko,Namba ya Muthiururuko,,
groupSetupWizardWhichSavingsCycleIsThis,Which savings cycle is this group on?,Kikundi hiki kiko kwenye mzunguko upi wa akiba?,Gikundi giki kiri muthiururuko uriku wa uigi?,,
groupSetupWizardMemberName,Member Name,Jina la Mwanachama,Rietwa ria mumemba,,
groupSetupWizardAddMember,Add member,Ongeza mwanachama,Ongerera mumemba,,
groupSetupWizardRemove,Remove,Ondoa,Eheria,,
groupSetupWizardShareValueKsh,Share Value (KSh),Thamani ya Hisa (KSh),Thogora wa Hisa (KSh),,
groupSetupWizardMaxSharesPerMeeting,Max Shares per Meeting,Hisa za Juu Kila Mkutano,Hisa Iria Nyingi o Mucemanio,,
groupSetupWizardSocialFundPerMeetingKsh,Social Fund per Meeting (KSh),Mfuko wa Jamii Kila Mkutano (KSh),Muthithu wa Uteithio o Mucemanio (KSh),,
groupSetupWizardTrackedSeparatelyFromSavings,Tracked separately from savings,Hufuatiliwa tofauti na akiba,Urumagirirwo mwanya na uigi,,
groupSetupWizardInterestRatePerMonth,Interest Rate (% per month),Riba (% kwa mwezi),Ucuuthi (% o mweri),,
groupSetupWizardMaxLoanMultiplierSavings,Max Loan Multiplier (× savings),Kikomo cha Mkopo (× akiba),Muigana wa Mukopo (× uigi),,
groupSetupWizardDefaultLoanTermMonths,Default Loan Term (months),Muda wa Kawaida wa Mkopo (miezi),Ihinda ria Mukopo (mieri),,
groupSyncBackUpToCloud,Back Up to Cloud,Hifadhi Kwenye Wingu,Iga Matu-ini,,
groupSyncUnlinkGroup,Unlink group?,Ondoa kiungo cha kikundi?,Eheria kiohanio kia gikundi?,,
groupSyncUnlink,Unlink,Ondoa kiungo,Eheria kiohanio,,
groupSyncNotConnected,Not connected,Haijaunganishwa,Itiohanitio,,
groupSyncOpenServerConnection,Open Server Connection,Fungua Muunganisho wa Seva,Hingura Kiohanio kia Cheba,,
groupSyncLink,Link,Unganisha,Ohania,,
groupSyncUnlinkGroup2,Unlink Group,Ondoa Kiungo cha Kikundi,Eheria Kiohanio kia Gikundi,,
groupSyncNoBackendGroups,No backend groups,Hakuna vikundi kwenye seva,Gutiri ikundi cheba-ini,,
groupSyncThisApiKeyCannotSee,This API key cannot see any groups to link to.,Ufunguo huu hauwezi kuona kikundi chochote cha kuunganisha.,Kihinguro giki gitingiona gikundi o na kimwe gia kuohania.,,
groupSyncBackendGroup,Backend group,Kikundi kwenye seva,Gikundi kiria kiri cheba-ini,,
createPollStartAVote,Start a Vote,Anzisha Kura,Ambiriria Itua,,
createPollEveryonePresentVotesOnceNobody,Everyone present votes once. Nobody can vote twice.,Kila aliyepo hupiga kura mara moja. Hakuna anayeweza kupiga mara mbili.,O mundu uri ho atuaga riita rimwe. Gutiri ungitua maita meeri.,,
createPollChooseALeader,Choose a leader,Chagua kiongozi,Thuura mutongoria,,
createPollDecideSomething,Decide something,Amua jambo,Tua undu,,
createPollTickAtLeastTwoPeople,Tick at least two people.,Chagua angalau watu wawili.,Thuura andu eeri kana makiria.,,
createPollAddAnotherAnswer,Add another answer,Ongeza jibu lingine,Ongerera macookio mangi,,
createPollSecretVote,Secret vote,Kura ya siri,Itua ria hitho,,
createPollOpenTheVote,Open the Vote,Fungua Kura,Hingura Itua,,
createPollWhichPosition,Which position?,Nafasi ipi?,Ni nafathi iriku?,,
createPollWhatIsTheQuestion,What is the question?,Swali ni lipi?,Kiuria ni kiriku?,,
createPollShouldWeBuyAGroup,Should we buy a group water tank?,"Je, tununue tanki la maji la kikundi?",Nitugure tanki ya mai ya gikundi?,,
paymentProvidersLeaveABoxEmptyTo,Leave a box empty to keep what is already saved.,Acha kisanduku wazi ili kubaki na kilichohifadhiwa.,Tiga gikabu gitari kindu niguo utige kiria kiigitwo.,,
paymentProvidersSave,Save,Hifadhi,Iga,,
paymentProvidersUseThePlatformAccount,Use the platform account?,Tumia akaunti ya jukwaa?,Huthira akaunti ya kioneki?,,
paymentProvidersPaymentProviders,Payment Providers,Watoa Huduma za Malipo,Aheani a Marihi,,
paymentProvidersUsePlatform,Use platform,Tumia jukwaa,Huthira kioneki,,
storeShopOnCredit,Shop on credit,Nunua kwa mkopo,Gura na mukopo,,
storeLoanOffersFromLendingPartners,Loan offers from lending partners — apply as a group.,Mikopo kutoka kwa washirika wa kukopesha — omba kama kikundi.,Mikopo kuuma kuri athiritu akombithania — hooya ta gikundi.,,
storeSeeAllExternalLoans,See all external loans,Ona mikopo yote ya nje,Ona mikopo yothe ya nja,,
storeConnectToBrowseTheStore,Connect to browse the store,Unganisha ili kutazama duka,Ohania niguo wone thoko,,
storeOpenCloudAccount,Open Cloud Account,Fungua Akaunti ya Wingu,Hingura Akaunti ya Matu,,
storeAll,All,Zote,Ciothe,,
storeCouldNotLoadTheStore,Could not load the store,Imeshindwa kupakia duka,Thoko ndinahota kurutwo,,
storeNoProductsInThisCategory,No products in this category,Hakuna bidhaa katika kundi hili,Gutiri indo muthemba-ini uyu,,
storeTryADifferentCategoryOr,Try a different category or check back later.,Jaribu kundi lingine au rudi baadaye.,Geria muthemba ungi kana ucooke thutha-ini.,,
pollsNewVote,New Vote,Kura Mpya,Itua Rieru,,
pollsGroupVotes,Group votes,Kura za kikundi,Itua cia gikundi,,
pollsSecret,Secret,Siri,Hitho,,
pollsYouHaveVoted,You have voted,Umepiga kura,Niwatua,,
pollsConnectToVote,Connect to vote,Unganisha ili kupiga kura,Ohania niguo utue,,
pollsCouldNotLoadTheVotes,Could not load the votes,Imeshindwa kupakia kura,Itua itinahota kurutwo,,
pollsNoVotesYet,No votes yet,Hakuna kura bado,Gutiri itua,,
memberPassbookMyPassbook,My Passbook,Kitabu Changu,Ibuku Riakwa,,
memberPassbookJoinAGroup,Join a group,Jiunge na kikundi,Itikira gikundi,,
memberPassbookMyReport,My report,Ripoti yangu,Ripoti yakwa,,
memberPassbookMySavingsAcrossAllGroups,My savings across all groups,Akiba yangu katika vikundi vyote,Uigi wakwa ikundi-ini ciothe,,
memberPassbookJoinAnotherGroup,Join another group,Jiunge na kikundi kingine,Itikira gikundi kingi,,
memberPassbookYouAreNotInA,You are not in a group yet,Bado hujajiunga na kikundi,Nduri gikundi-ini o na rimwe,,
memberPassbookNoTransactionsYet,No transactions yet,Hakuna miamala bado,Gutiri maundu mekitwo,,
memberPassbookYourSavingsAndLoanRecords,Your savings and loan records will appear here.,Rekodi za akiba na mikopo yako zitaonekana hapa.,Maandiko ma uigi na mikopo yaku nimakonekaga haha.,,
joinRequestsDecline,Decline,Kataa,Rega,,
joinRequestsJoinRequests,Join Requests,Maombi ya Kujiunga,Mahooya ma Kwiyunganiria,,
joinRequestsPeopleAskingToJoin,People asking to join,Watu wanaoomba kujiunga,Andu aria marahooya kwiyunganiria,,
joinRequestsApprove,Approve,Kubali,Itikira,,
joinRequestsReasonOptional,Reason (optional),Sababu (si lazima),Gitumi (ti bata),,
joinRequestsNoOneIsWaiting,No one is waiting,Hakuna anayesubiri,Gutiri mundu ureteterera,,
pollDetailCloseThisVote,Close this vote?,Funga kura hii?,Hinga itua riri?,,
pollDetailCloseVote,Close Vote,Funga Kura,Hinga Itua,,
pollDetailVote,Vote,Piga Kura,Tua,,
pollDetailYourChoice,Your choice,Chaguo lako,Uthuuri waku,,
pollDetailNoMembersLoadedForThis,No members loaded for this group yet.,Hakuna wanachama waliopakiwa kwa kikundi hiki bado.,Gutiri amemba marutitwo gikundi giki.,,
pollDetailMemberCastingThisVote,Member casting this vote,Mwanachama anayepiga kura hii,Mumemba uratua itua riri,,
groupPolicyHowLongALoanRuns,How long a loan runs,Mkopo hudumu muda gani,Mukopo uikaraga ihinda riigana atia,,
groupPolicyInterestCharged,Interest charged,Riba inayotozwa,Ucuuthi uria utozagwo,,
groupPolicyExpensesArePaidFrom,Expenses are paid from,Gharama hulipwa kutoka,Thogora urihagwo kuuma,,
groupPolicyRulesThatAreFixed,Rules that are fixed,Sheria zisizobadilika,Mawatho matagarurukaga,,
productDetailRequestOnCredit,Request on Credit,Omba kwa Mkopo,Hooya na Mukopo,,
productDetailQuantity,Quantity,Idadi,Muigana,,
productDetailSubmitRequest,Submit Request,Wasilisha Ombi,Tuma Ihooya,,
productDetailPricedAtTheStandardDeposit,Priced at the standard deposit — rating unavailable.,Bei ya amana ya kawaida — kiwango hakipatikani.,Thogora wa muthii wa kawaida — githimi gitiri ho.,,
productDetailProgramme,Programme,Programu,Mubango,,
productDetailCustomerName,Customer name,Jina la mteja,Riitwa ria muguri,,
productDetailEmail,Email,Barua pepe,Barua ya intaneti,,
productDetailGroupNameOptional,Group name (optional),Jina la kikundi (si lazima),Riitwa ria gikundi (ti bata),,
dashboardHello,Hello 👋,Habari 👋,Wi mwega 👋,,
dashboardTotalSavings,Total Savings,Jumla ya Akiba,Mbeca Ciothe Iigitwo,,
dashboardActiveLoans,Active Loans,Mikopo Hai,Mikopo Iri Wira-ini,,
dashboardFinesCollected,Fines Collected,Faini Zilizokusanywa,Faini Iria Ciunganitio,,
disburseLoanLoanEligibility,Loan Eligibility,Ustahili wa Mkopo,Uhoti wa Kuheo Mukopo,,
disburseLoanSelectMember,Select Member,Chagua Mwanachama,Thuura Mumemba,,
disburseLoanPrincipalAmountKsh,Principal Amount (KSh),Kiasi cha Msingi (KSh),Mbeca cia Kiambiriria (KSh),,
disburseLoanDueDate,Due Date,Tarehe ya Mwisho,Muthenya wa Kuriha,,
joinGroupRequestSent,Request sent,Ombi limetumwa,Ihooya niriatumwo,,
joinGroupDone,Done,Imekamilika,Ni kuhite,,
joinGroupAskYourGroupToAdd,Ask your group to add you,Omba kikundi chako kikuongeze,Hooya gikundi giaku gikuongerere,,
joinGroupSendRequest,Send request,Tuma ombi,Tuma ihooya,,
joinGroupViewing,Viewing,Unatazama,Uroroa,,
joinGroupGroupCode,Group code,Msimbo wa kikundi,Kimenyithia kia gikundi,,
memberDetailEditDetails,Edit details,Badilisha maelezo,Garura uhoro,,
memberDetailMemberReport,Member report,Ripoti ya mwanachama,Ripoti ya mumemba,,
memberDetailNoLoansTaken,No loans taken,Hakuna mkopo uliochukuliwa,Gutiri mukopo woetwo,,
memberDetailStartingPassword,Starting password,Nenosiri la kuanzia,Kihithe kia kwambiriria,,
memberDetailAtLeast6Characters,At least 6 characters.,Angalau herufi 6.,Ndemwa 6 kana nyingi.,,
cyclesCloseCycle,Close cycle,Funga mzunguko,Hinga muthiururuko,,
cyclesSavingCycles,Saving Cycles,Mizunguko ya Akiba,Mithiururuko ya Uigi,,
cyclesCloseCycleAndStartThe,Close cycle and start the next,Funga mzunguko na uanze ujao,Hinga muthiururuko wambiririe uria ungi,,
cyclesReadOnlyStillVisibleIn,Read-only — still visible in reports,Kusoma tu — bado inaonekana kwenye ripoti,Guthomwo tu — no uronekaga ripoti-ini,,
externalLoansCreditVentures,Credit ventures,Miradi ya mkopo,Mibango ya mukopo,,
externalLoansConnectToSeeLoanOffers,Connect to see loan offers,Unganisha ili kuona mikopo iliyopo,Ohania niguo wone mikopo iria iri ho,,
externalLoansCouldNotLoadLoanOffers,Could not load loan offers,Imeshindwa kupakia mikopo iliyopo,Mikopo itinahota kurutwo,,
externalLoansNoLoanOffersRightNow,No loan offers right now,Hakuna mkopo kwa sasa,Gutiri mukopo riu,,
accountAccount,Account,Akaunti,Akaunti,,
accountServer,Server,Seva,Cheba,,
accountAppVersion,App version,Toleo la programu,Muthemba wa app,,
accountPhone,Phone,Simu,Thimu,,
businessProfileGroupBusiness,Group business,Biashara ya kikundi,Wonjoria wa gikundi,,
businessProfileWhatDoesTheGroupRun,What does the group run together?,Kikundi kinaendesha biashara gani pamoja?,Ni wonjoria uriku gikundi kirutaga hamwe?,,
businessProfileTypeOfBusiness,Type of business,Aina ya biashara,Muthemba wa wonjoria,,
businessProfileEGPoultryCerealBuying,"e.g. poultry, cereal buying","mfano: kuku, ununuzi wa nafaka","ta: nguku, kugura mbembe",,
businessProfileMoneyInEachMonthKes,Money in each month (KES),Mapato kila mwezi (KES),Mbeca itonyaga o mweri (KES),,
businessProfileCostsEachMonthKes,Costs each month (KES),Gharama kila mwezi (KES),Thogora o mweri (KES),,
businessProfilePeopleItEmploys,People it employs,Watu inaowaajiri,Andu aria uheaga wira,,
businessProfileBiggestProblemTheyFace,Biggest problem they face,Tatizo kubwa wanalokabiliana nalo,Thina munene uria mahitukagira,,
recordVisitSettings,Settings,Mipangilio,Mibango,,
recordVisitScoreTheGroup,Score the group,Pima kikundi,Thima gikundi,,
recordVisitTheGroupSEnterprise,The group’s enterprise,Biashara ya kikundi,Wonjoria wa gikundi,,
recordVisitWhatTheyRunTogetherAnd,"What they run together, and how it is doing.","Wanachoendesha pamoja, na kinavyokwenda.","Kiria marutaga hamwe, na uria giguthii.",,
recordVisitSavedOnThisPhoneFirst,"Saved on this phone first, then sent when you have signal.","Huhifadhiwa kwenye simu hii kwanza, kisha hutumwa ukipata mtandao.","Kiigagwo thimu-ini ino mbere, gicooke gitumwo wagia na mutandao.",,
recordVisitWhyNotOptional,Why not? (optional),Kwa nini hapana? (si lazima),Niki gitiri? (ti bata),,
recordVisitWhatYouFound,What you found,Uliyoyakuta,Kiria wonire,,
agentHomeMyGroups,My Groups,Vikundi Vyangu,Ikundi Ciakwa,,
agentHomeCaseloadReport,Caseload report,Ripoti ya vikundi,Ripoti ya ikundi,,
agentHomeNoGroupsAssigned,No groups assigned,Hakuna kikundi ulichopewa,Gutiri gikundi uheetwo,,
agentHomeGroups,Groups,Vikundi,Ikundi,,
agentHomeNeedSupport,Need support,Vinahitaji msaada,Irabatara uteithio,,
loansLoanPortfolio,Loan Portfolio,Jalada la Mikopo,Ibuku ria Mikopo,,
loansActive,Active,Hai,Iri Wira,,
loansSearchByMemberName,Search by member name,Tafuta kwa jina la mwanachama,Caria na riitwa ria mumemba,,
loansNoLoansHere,No loans here,Hakuna mikopo hapa,Gutiri mikopo haha,,
threeKeyUnlockUnlockMeeting,Unlock Meeting,Fungua Mkutano,Hingura Mucemanio,,
threeKeyUnlockVerified,Verified,Imethibitishwa,Ni gwikiritwo hinya,,
threeKeyUnlockSendANewCode,Send a new code,Tuma msimbo mpya,Tuma kimenyithia kieru,,
threeKeyUnlockNoSmsUseMySaved,No SMS? Use my saved PIN instead,Hakuna SMS? Tumia PIN yangu iliyohifadhiwa,Gutiri SMS? Huthira PIN yakwa iria iigitwo,,
threeKeyUnlockOneTimeCode,One-time code,Msimbo wa mara moja,Kimenyithia kia riita rimwe,,
threeKeyUnlockRepeatPin,Repeat PIN,Rudia PIN,Cookera PIN,,
memberReportMyReport,My Report,Ripoti Yangu,Ripoti Yakwa,,
memberReportShare,Share,Shiriki,Gaira,,
memberReportNotSignedIn,Not signed in,Hujaingia,Ndutoonyete,,
memberReportSignInToYourAccount,Sign in to your account to see and share your report.,Ingia kwenye akaunti yako ili kuona na kushiriki ripoti yako.,Toonya akaunti-ini yaku niguo wone na ugaire ripoti yaku.,,
cloudDashboardCloudData,Cloud Data,Data ya Wingu,Uhoro wa Matu,,
cloudDashboardRefresh,Refresh,Onyesha upya,Eruhia,,
cloudDashboardSavingsFund,Savings Fund,Mfuko wa Akiba,Muthithu wa Uigi,,
cloudDashboardInternalLoans,Internal Loans,Mikopo ya Ndani,Mikopo ya Thiini,,
serverSettingsOrUseAGroupAccess,or use a group access key,au tumia ufunguo wa kikundi,kana huthira kihinguro kia gikundi,,
serverSettingsViewOnlineRecords,View Online Records,Ona Rekodi za Mtandaoni,Ona Maandiko ma Mutandao-ini,,
serverSettingsBackUpThisGroup,Back Up This Group,Hifadhi Kikundi Hiki,Iga Gikundi Giki,,
serverSettingsAccessKey,Access key,Ufunguo wa kuingia,Kihinguro,,
shareOutDistribute,Distribute,Gawanya,Gaira,,
shareOutFundToDistribute,Fund to distribute,Mfuko wa kugawanya,Mbeca cia kugayanwo,,
shareOutSplitWelfareFundEqually,Split welfare fund equally,Gawanya mfuko wa jamii sawa,Gayania muthithu wa uteithio o undu umwe,,
shareOutNothingToShareOutYet,Nothing to share out yet,Hakuna cha kugawanya bado,Gutiri kindu gia kugayanwo,,
visitAssessmentAssessment,Assessment,Tathmini,Githimi,,
visitAssessmentFormNotAvailable,Form not available,Fomu haipatikani,Fomu ndiri ho,,
visitMentorshipMentorship,Mentorship,Ushauri,Utaari,,
visitMentorshipWhatDidYouCoachOn,What did you coach on?,Ulifundisha nini?,Ni undu uriku warutire?,,
visitMentorshipTapATopicToRecord,"Tap a topic to record it, then add what you advised.","Gusa mada ili kuirekodi, kisha andika ulichoshauri.","Hutia undu niguo uwandike, ucooke wandike kiria wataarire.",,
visitMentorshipNowHandThePhoneTo,Now hand the phone to the group,Sasa mpe kikundi simu,Riu nengera gikundi thimu,,
visitMentorshipWhatYouAdvised,What you advised,Ulichoshauri,Kiria wataarire,,
agentGroupDetailRecordAVisit,Record a visit,Rekodi ziara,Andika rugendo,,
agentGroupDetailNoMembersLoaded,No members loaded.,Hakuna wanachama waliopakiwa.,Gutiri amemba marutitwo.,,
agentGroupDetailNoMeetingsLoaded,No meetings loaded.,Hakuna mikutano iliyopakiwa.,Gutiri micemanio irutitwo.,,
agentGroupDetailToImprove,To improve,Ya kuboresha,Cia kwagirithia,,
agentGroupDetailGovernance,Governance,Uongozi,Utongoria,,
agentGroupDetailVslaCompliance,VSLA compliance,Ufuataji wa kanuni za VSLA,Kurumirira mawatho ma VSLA,,
recordFineReason,Reason,Sababu,Gitumi,,
recordFineSpecifyReason,Specify reason,Eleza sababu,Taariria gitumi,,
addMemberAddMember,Add Member,Ongeza Mwanachama,Ongerera Mumemba,,
addMemberRegisterMember,Register Member,Sajili Mwanachama,Andikithia Mumemba,,
addMemberFullName,Full Name,Jina Kamili,Rietwa riothe,,
addMemberPhoneOptional,Phone (optional),Simu (si lazima),Thimu (ti bata),,
addMemberRole,Role,Nafasi,Nafathi,,
editMemberEditMember,Edit member,Badilisha mwanachama,Garura mumemba,,
editMemberFullName,Full name,Jina kamili,Rietwa riothe,,
membersRequestsToJoin,Requests to join,Maombi ya kujiunga,Mahooya ma kwiyunganiria,,
membersSearchMembers,Search members,Tafuta wanachama,Caria amemba,,
membersNoMembersFound,No members found,Hakuna mwanachama aliyepatikana,Gutiri mumemba wonekire,,
meetingSecurity3KeyUnlockBeforeMeetings,3-key unlock before meetings,Funguo 3 kabla ya mikutano,Cabi 3 mbere ya micemanio,,
meetingSecurityKeepPin,Keep PIN,Baki na PIN,Tiga PIN,,
meetingSecurityReset,Reset,Weka upya,Cookia ringi,,
agentReportCaseloadReport,Caseload Report,Ripoti ya Vikundi,Ripoti ya Ikundi,,
agentReportShareReport,Share Report,Shiriki Ripoti,Gaira Ripoti,,
agentReportNeedsSupport,Needs support,Kinahitaji msaada,Irabatara uteithio,,
agentReportNoRating,No rating,Hakuna kiwango,Gutiri githimi,,
agentReportNoGroupsYet,No groups yet,Hakuna vikundi bado,Gutiri ikundi,,
groupReportNoGroupYet,No group yet,Hakuna kikundi bado,Gutiri gikundi,,
groupReportSetUpYourGroupFirst,"Set up your group first, then come back for a report.","Sajili kikundi chako kwanza, kisha urudi kwa ripoti.","Thondeka gikundi giaku mbere, ucooke uuke kuri ripoti.",,
groupReportNoMembersYet,No members yet,Hakuna wanachama bado,Gutiri amemba,,
groupReportMembersAppearHereOnceThey,Members appear here once they join the group.,Wanachama huonekana hapa wanapojiunga na kikundi.,Amemba monekaga haha maarikia kwiyunganiria na gikundi.,,
memberReportLocalMemberReport,Member Report,Ripoti ya Mwanachama,Ripoti ya Mumemba,,
memberReportLocalMemberNotFound,Member not found,Mwanachama hakupatikana,Mumemba ndonekire,,
memberReportLocalThisMemberIsNoLonger,This member is no longer in the group.,Mwanachama huyu hayupo tena kwenye kikundi.,Mumemba uyu ndari gikundi-ini ringi.,,
memberReportLocalLoansThisMemberTakesWill,Loans this member takes will appear here.,Mikopo atakayochukua mwanachama huyu itaonekana hapa.,Mikopo iria mumemba uyu akoya niikonekaga haha.,,
externalLoanApplyApplyForALoan,Apply for a Loan,Omba Mkopo,Hooya Mukopo,,
externalLoanApplySubmitApplication,Submit Application,Wasilisha Ombi,Tuma Ihooya,,
externalLoanApplyWhatIsTheLoanFor,What is the loan for?,Mkopo ni wa nini?,Mukopo ni wa undu uriku?,,
externalLoanApplyEGBuyingMaizeSeed,e.g. Buying maize seed for the season,mfano: kununua mbegu za mahindi kwa msimu,ta: kugura mbegu cia mbembe cia kimera,,
meetingsNoMeetingsYet,No meetings yet,Hakuna mikutano bado,Gutiri micemanio,,
repaymentRecordRepayment,Record Repayment,Rekodi Marejesho,Andika Irihi,,
repaymentNoOutstandingLoansNothingTo,No outstanding loans — nothing to repay. 🎉,Hakuna mkopo unaodaiwa — hakuna cha kurejesha. 🎉,Gutiri mukopo uri na thiiri — gutiri kia kurihwo. 🎉,,
repaymentSelectLoan,Select Loan,Chagua Mkopo,Thuura Mukopo,,
moreWhoIsSignedInLanguage,"Who is signed in, language, appearance and app details","Aliyeingia, lugha, mwonekano na maelezo ya programu","Uria utoonyete, ruthiomi, muonekere na uhoro wa app",,
moreIntelliCash,Intelli-Cash,Intelli-Cash,Intelli-Cash,,
mySavingsMySavings,My Savings,Akiba Yangu,Mbeca Ciakwa,,
mySavingsOnceAGroupAcceptsYou,"Once a group accepts you, your savings will show here.","Kikundi kikikukubali, akiba yako itaonekana hapa.","Gikundi kingigwitikira, uigi waku niukonekaga haha.",,
buySharesEnterCodeByHand,Enter Code by Hand,Weka Msimbo kwa Mkono,Andika Kimenyithia na Guoko,,
buySharesRecordPurchase,Record Purchase,Rekodi Ununuzi,Andika Uguri,,
sharesLedgerNoPurchasesYet,No purchases yet,Hakuna ununuzi bado,Gutiri uguri,,
socialFundThisMeetingIsClosedThe,This meeting is closed — the record is read-only.,Mkutano huu umefungwa — rekodi ni ya kusoma tu.,Mucemanio uyu nimuhinge — maandiko no ma guthomwo tu.,,
socialFundNoMembers,No members,Hakuna wanachama,Gutiri amemba,,
socialFundAddMembersToTheGroup,Add members to the group first.,Ongeza wanachama kwenye kikundi kwanza.,Ongerera amemba gikundi-ini mbere.,,
welcomeUseTheWebConsoleFor,Use the web console for this account,Tumia tovuti kwa akaunti hii,Huthira intaneti kuri akaunti ino,,
welcomeLoadYourGroupOntoThis,Load your group onto this phone,Pakia kikundi chako kwenye simu hii,Ruta gikundi giaku thimu-ini ino,,
memberReportsTapAMemberToSee,Tap a member to see and share their report.,Gusa mwanachama ili kuona na kushiriki ripoti yake.,Hutia mumemba niguo wone na ugaire ripoti yake.,,
openActionItemsNothingOutstanding,Nothing outstanding,Hakuna lililobaki,Gutiri kiria gitigarite,,
openActionItemsThisGroupHasNoOpen,This group has no open actions from previous visits.,Kikundi hiki hakina kazi zilizobaki kutoka ziara zilizopita.,Gikundi giki gitiri na wira utigarite kuuma ngendo iria ciathirire.,,
openActionItemsFromTheLastVisit,From the last visit,Kutoka ziara iliyopita,Kuuma rugendo ruria rwa muico,,
loanDetailNoRepaymentsYet,No repayments yet,Hakuna marejesho bado,Gutiri marihi,,
attendanceAttendance,Attendance,Mahudhurio,Ukinyu,,
attendanceContinueToMeeting,Continue to Meeting,Endelea kwenye Mkutano,Thii na mbere Mucemanio-ini,,
appearanceChooseHowIntelliCashLooks,Choose how Intelli-Cash looks on this phone.,Chagua jinsi Intelli-Cash inavyoonekana kwenye simu hii.,Thuura uria Intelli-Cash ikuoneka thimu-ini ino.,,
gatewayPaymentOpenThisLinkToPay,Open this link to pay:,Fungua kiungo hiki kulipa:,Hingura kiohanio giki urihe:,,
numericKeypadDelete,Delete,Futa,Theria,,
agentHomeWhenGroupsAreAssignedToYou,"When groups are assigned to you, they appear here with their credit rating.","Vikundi vikikabidhiwa kwako, vitaonekana hapa pamoja na kiwango chao cha mkopo.","Ikundi ciangineanwo kuri we, niikonekaga haha hamwe na githimi kiao kia mukopo.",,
dashboardTheSavingsCurveAppearsAfterYour,The savings curve appears after your first two meetings.,Mchoro wa akiba huonekana baada ya mikutano yako miwili ya kwanza.,Muharo wa uigi uronekaga thutha wa micemanio yaku iiri ya mbere.,,
disburseLoanThisMemberHasNoBorrowingHeadroom,This member has no borrowing headroom — savings must grow or the current loan must reduce first.,Mwanachama huyu hana nafasi ya kukopa — akiba lazima iongezeke au mkopo wa sasa upungue kwanza.,Mumemba uyu ndari na uhoti wa kuhooya mukopo — uigi no muhaka wongerereke kana mukopo uria ari naguo unyihanyiihe mbere.,,
disburseLoanTheLoanFundIsEmptyCollect,The loan fund is empty. Collect share purchases or loan repayments before lending again.,Mfuko wa mikopo ni tupu. Kusanya ununuzi wa hisa au marejesho ya mikopo kabla ya kukopesha tena.,Muthithu wa mikopo ni utheri. Unganiria uguri wa hisa kana marihi ma mikopo mbere ya gukombithania ringi.,,
loanDetailRepaymentsAreRecordedInsideMeetingsAnd,Repayments are recorded inside meetings and appear here instantly.,Marejesho hurekodiwa ndani ya mikutano na huonekana hapa mara moja.,Marihi mandikagwo thiini wa micemanio na monekaga haha o rimwe.,,
loansLoansAreDisbursedInsideAMeeting,Loans are disbursed inside a meeting — open a meeting and use Disburse Loan.,Mikopo hutolewa ndani ya mkutano — fungua mkutano kisha tumia Toa Mkopo.,Mikopo iheanagwo thiini wa mucemanio — hingura mucemanio ucooke uhuthire Heana Mukopo.,,
gatewayPaymentRequestSentAskTheMemberTo,Request sent. Ask the member to enter their M-Pesa PIN on their phone.,Ombi limetumwa. Mwambie mwanachama aweke PIN yake ya M-Pesa kwenye simu yake.,Ihooya niriatumwo. Ira mumemba ekire PIN yake ya M-Pesa thimu-ini yake.,,
meetingHubThisMeetingIsClosedItsRecords,This meeting is closed. Its records are read-only and form part of the audit trail.,Mkutano huu umefungwa. Rekodi zake ni za kusoma tu na ni sehemu ya kumbukumbu za ukaguzi.,Mucemanio uyu nimuhinge. Maandiko maguo no ma guthomwo tu na ni gicunji kia urorio.,,
meetingHubAllRecordsInThisMeetingWill,All records in this meeting will be locked permanently. This cannot be undone.,Rekodi zote za mkutano huu zitafungwa milele. Hili haliwezi kutenguliwa.,Maandiko mothe ma mucemanio uyu nimakuhingwo nginya tene. Undu uyu ndungicookererio.,,
meetings3KeyUnlockIsOnOfficials,3-key unlock is on: officials confirm their PINs before the meeting opens.,Funguo 3 zimewashwa: viongozi huthibitisha PIN zao kabla mkutano kufunguliwa.,Cabi 3 ni ciarutithio wira: atongoria nimakuhingiria PIN ciao mbere ya mucemanio kuhingurwo.,,
meetingsStartYourFirstMeetingToRecord,"Start your first meeting to record attendance, savings, fines and loans.","Anzisha mkutano wako wa kwanza ili kurekodi mahudhurio, akiba, faini na mikopo.","Ambiriria mucemanio waku wa mbere niguo wandike ukinyu, uigi, faini na mikopo.",,
meetingsClosedMeetingsAreLockedTheirRecords,Closed meetings are locked — their records form the group\'s permanent audit trail.,Mikutano iliyofungwa imefungwa — rekodi zake ni kumbukumbu za kudumu za kikundi.,Micemanio iria ihinge ni ihingire — maandiko mayo nimo urorio wa gikundi wa nginya tene.,,
sharesLedgerSharePurchasesLandHereTheMoment,Share purchases land here the moment they are recorded.,Ununuzi wa hisa huonekana hapa mara tu unaporekodiwa.,Uguri wa hisa uronekaga haha o riria wandikwo.,,
joinGroupYourGroupHasACodeOn,Your group has a code on its records — ask the secretary if you do not know it. Sending a request does not open the group\'s books to you; an official has to accept you first.,Kikundi chako kina msimbo kwenye rekodi zake — muulize katibu kama hukijui. Kutuma ombi hakukufungulii vitabu vya kikundi; kiongozi lazima akukubali kwanza.,Gikundi giaku kiri na kimenyithia maandiko-ini makio — uria mwandiki angikoruo nduui. Gutuma ihooya gutikuhinguragira mabuku ma gikundi; mutongoria no muhaka akwitikire mbere.,,
memberPassbookAskYourGroupToAddYou,Ask your group to add you and your savings will show up here.,Omba kikundi chako kikuongeze na akiba yako itaonekana hapa.,Hooya gikundi giaku gikuongerere na uigi waku niukonekaga haha.,,
editMemberCorrectingASpellingOrAMistyped,"Correcting a spelling or a mistyped number. Their savings, loans and attendance stay exactly as they are.","Kurekebisha herufi au namba iliyokosewa. Akiba, mikopo na mahudhurio yao hubaki kama yalivyo.","Kurungiriria ndemwa kana namba iria ihititie. Uigi, mikopo na ukinyu wake utigwo o uria uri.",,
joinRequestsTheyWillNotBeAddedTo,They will not be added to the group. You can say why if you want to — it is not required.,Hataongezwa kwenye kikundi. Unaweza kueleza sababu ukitaka — si lazima.,Ndeguongererwo gikundi-ini. No woige gitumi ungienda — ti bata.,,
joinRequestsThisListIsOutOfDate,"This list is out of date. Pull down to refresh, then check the answer again.","Orodha hii si ya sasa. Vuta chini ili kuonyesha upya, kisha angalia jibu tena.","Rutaratara ruru ti rwa riu. Guucia na thi niguo rweruhio, ucooke urore macookio ringi.",,
joinRequestsWhenSomeoneAsksToJoinYour,"When someone asks to join your group, their request will show up here for you to answer.","Mtu akiomba kujiunga na kikundi chako, ombi lake litaonekana hapa ili ulijibu.","Mundu angihooya kwiyunganiria na gikundi giaku, ihooya riake nirikonekaga haha niguo uricookerie.",,
memberDetailToCreateASignInAccount,"To create a sign-in account, first back this group up to the cloud (More → Sync & Backup) while online.","Ili kutengeneza akaunti ya kuingia, kwanza hifadhi kikundi hiki kwenye wingu (Mangine → Sync & Backup) ukiwa mtandaoni.","Niguo uthondeke akaunti ya gutoonya, amba wigie gikundi giki matu-ini (Mangi → Sync & Backup) uri na intaneti.",,
memberDetailLoansThisMemberTakesWillBe,Loans this member takes will be listed here with their live status.,Mikopo atakayochukua mwanachama huyu itaorodheshwa hapa na hali yake ya sasa.,Mikopo iria mumemba uyu akoya niikwandikwo haha hamwe na uria ihaana.,,
membersAddMembersWithTheButtonBelow,Add members with the button below — each gets an individual savings and loan profile.,Ongeza wanachama kwa kitufe kilicho chini — kila mmoja hupata rekodi yake ya akiba na mikopo.,Ongerera amemba na batani iria iri na thi — o umwe agiaga na maandiko make ma uigi na mikopo.,,
meetingSecurityAssignAChairpersonSecretaryAndTreasurer,"Assign a chairperson, secretary and treasurer below so three officials can unlock meetings. Until then, most members\' PINs are needed instead.","Teua mwenyekiti, katibu na mweka hazina hapa chini ili viongozi watatu waweze kufungua mikutano. Hadi hapo, PIN za wanachama wengi ndizo zitahitajika.","Thuura mutongoria, mwandiki na muigi mbeca haha na thi niguo atongoria atatu mahote kuhingura micemanio. Nginya hindi iyo, PIN cia amemba aingi nicio ikubatarania.",,
meetingSecurityTheOldPinStopsWorkingThe,The old PIN stops working. The member chooses a new PIN the next time they turn their key at a meeting unlock.,PIN ya zamani huacha kufanya kazi. Mwanachama huchagua PIN mpya wakati mwingine atakapotumia ufunguo wake kufungua mkutano.,PIN ya tene itigaga kuruta wira. Mumemba athuuraga PIN njeru hindi iria akuhuthira cabi yake kuhingura mucemanio.,,
moreYourGroupSSavingsAndLoans,"Your group\'s savings and loans, right on your phone. Everything is saved on this phone first and backed up online when you have internet.\n\nIntelli-Wealth Limited · intelliwealth.org","Akiba na mikopo ya kikundi chako, hapo hapo kwenye simu yako. Kila kitu huhifadhiwa kwenye simu hii kwanza, kisha hufanyiwa nakala mtandaoni ukipata intaneti.

Intelli-Wealth Limited · intelliwealth.org","Uigi na mikopo ya gikundi giaku, o thimu-ini yaku. Kindu o giothe kiigagwo thimu-ini ino mbere, gicooke kiigwo intaneti-ini wagia na mutandao.

Intelli-Wealth Limited · intelliwealth.org",,
moreNoInternetYourRecordsAreSafe,No internet — your records are safe on this phone and will back up later.,Hakuna intaneti — rekodi zako ziko salama kwenye simu hii na zitahifadhiwa baadaye.,Gutiri intaneti — maandiko maku mari mugitire thimu-ini ino na nimakuigwo thutha-ini.,,
welcomeThePhoneAppIsForGroups,"The phone app is for groups, members and field agents. Your account does not need to create a group here — sign in on the web console instead, or sign out to use a different account.","Programu ya simu ni ya vikundi, wanachama na maafisa wa uwandani. Akaunti yako haihitaji kuunda kikundi hapa — ingia kwenye tovuti badala yake, au toka ili kutumia akaunti nyingine.","App ya thimu ni ya ikundi, amemba na arugamiriri a mugunda. Akaunti yaku ndibataire guthondeka gikundi haha — toonya intaneti-ini handu ha uguo, kana uma niguo uhuthire akaunti ingi.",,
welcomeYourGroupIsAlreadyOnThe,"Your group is already on the server. Load it here instead of creating a new one, so your savings history stays in one record.","Kikundi chako tayari kiko kwenye seva. Kipakie hapa badala ya kuunda kipya, ili historia ya akiba yako ibaki rekodi moja.","Gikundi giaku ni kiri cheba-ini. Kirute haha handu ha guthondeka kingi, niguo uhoro wa uigi waku utige uri handu hamwe.",,
agentReportWhenGroupsAreAssignedToYou,"When groups are assigned to you, their report appears here.","Vikundi vikikabidhiwa kwako, ripoti yake itaonekana hapa.","Ikundi ciangineanwo kuri we, ripoti yacio niyonekaga haha.",,
groupReportFiguresFromThisPhoneOnlyWork,Figures from this phone only - work saved on other phones may not be included yet.,Takwimu za simu hii pekee - kazi iliyohifadhiwa kwenye simu nyingine huenda bado haijajumuishwa.,Namba cia thimu ino tu - wira uria uigitwo thimu ingi no ukoruo utari thiini.,,
groupReportFromThisPhoneOnlyWorkSaved,From this phone only. Work saved on other phones may not be included yet.,Kutoka simu hii pekee. Kazi iliyohifadhiwa kwenye simu nyingine huenda bado haijajumuishwa.,Kuuma thimu ino tu. Wira uria uigitwo thimu ingi no ukoruo utari thiini.,,
memberReportLocalFiguresFromThisPhoneOnlyRecords,Figures from this phone only - records saved elsewhere may not be included yet.,Takwimu za simu hii pekee - rekodi zilizohifadhiwa kwingine huenda bado hazijajumuishwa.,Namba cia thimu ino tu - maandiko maria maigitwo kundu kungi no makoruo matari thiini.,,
mySavingsWhatYouOweIsCountedFor,What you owe is counted for each group on its own. Paying extra in one group does not reduce what you owe in another.,Deni lako huhesabiwa kwa kila kikundi peke yake. Kulipa zaidi katika kikundi kimoja hakupunguzi deni lako katika kingine.,Thiiri waku utaragwo o gikundi kiri kinyiki. Kuriha makiria gikundi-ini kimwe gutinyihagia thiiri waku gikundi-ini kingi.,,
groupSyncThisClearsTheLocalBackendMapping,This clears the local↔backend mapping. Already-synced records stay on the server; nothing is deleted.,Hii huondoa uhusiano kati ya simu na seva. Rekodi zilizokwisha sawazishwa hubaki kwenye seva; hakuna kinachofutwa.,Undu uyu niutheragia kiohanio gatagati ka thimu na cheba. Maandiko maria marikitie kuiganania matigagwo cheba-ini; gutiri kindu gigutherio.,,
groupSyncConnectToTheIntellicashBackendBefore,Connect to the IntelliCash backend before linking and syncing this group.,Unganisha kwenye seva ya IntelliCash kabla ya kuunganisha na kusawazisha kikundi hiki.,Ohania na cheba ya IntelliCash mbere ya kuohania na kuiganania gikundi giki.,,
groupSyncLinkingMatchesYourLocalMembersTo,"Linking matches your local members to the backend roster by phone, then name. Unmatched members can be linked by hand afterwards.","Kuunganisha hulinganisha wanachama wa simu hii na orodha ya seva kwa namba ya simu, kisha kwa jina. Wasiolingana wanaweza kuunganishwa kwa mkono baadaye.","Kuohania kuringithanagia amemba a thimu ino na rutaratara rwa cheba na namba ya thimu, gucooka na riitwa. Aria mataringithanie no maohanio na guoko thutha-ini.",,
groupSyncTheseLocalMembersHaveNoBackend,These local members have no backend match. Link them before their transactions can sync.,Wanachama hawa wa simu hii hawana wenzao kwenye seva. Waunganishe kabla miamala yao haijaweza kusawazishwa.,Amemba aya a thimu ino matiri aria maringaine nao cheba-ini. Maohanie mbere ya maundu mao kuiganania.,,
groupSyncUploadsAttendanceAndLedgerSharesSocial,"Uploads attendance and ledger (shares, social fund, loans, repayments) for every closed meeting. Safe to re-run — already synced records are skipped. Fines and meeting sealing come in a later phase.","Hupakia mahudhurio na daftari (hisa, mfuko wa jamii, mikopo, marejesho) kwa kila mkutano uliofungwa. Ni salama kurudia — rekodi zilizokwisha sawazishwa huachwa. Faini na kufunga mikutano huja katika hatua ijayo.","Itwaraga ukinyu na ibuku (hisa, muthithu wa uteithio, mikopo, marihi) ria o mucemanio uria uhinge. Ni mwega gucookera — maandiko maria marikitie kuiganania nimatigagwo. Faini na kuhinga micemanio ikinyaga thutha-ini.",,
serverSettingsAskYourGroupAdministratorForAn,"Ask your group administrator for an access key, then paste it here. It only lets this phone see and record your group\'s savings, loans and meetings.","Omba msimamizi wa kikundi chako ufunguo wa kuingia, kisha ubandike hapa. Unaruhusu simu hii kuona na kurekodi akiba, mikopo na mikutano ya kikundi chako tu.","Hooya murori wa gikundi giaku kihinguro, ucooke ugikire haha. Kirekagiria thimu ino kuona na kwandika uigi, mikopo na micemanio ya gikundi giaku tu.",,
cyclesPullDownToTryAgainIf,"Pull down to try again. If it keeps happening, check the group is still selected under Cloud Account.","Vuta chini ujaribu tena. Ikiendelea, hakikisha kikundi bado kimechaguliwa chini ya Akaunti ya Wingu.","Guucia na thi ugerie ringi. Ungithii na mbere, rora kana gikundi no kithuuritwo hari Akaunti ya Matu.",,
cyclesClosingACycleMakesItsRecords,Closing a cycle makes its records read-only. Nothing is deleted — past meetings and money stay in history and reports.,Kufunga mzunguko hufanya rekodi zake ziwe za kusoma tu. Hakuna kinachofutwa — mikutano na fedha zilizopita hubaki kwenye historia na ripoti.,Kuhinga muthiururuko gutumaga maandiko maguo makoruo ma guthomwo tu. Gutiri kindu gigutherio — micemanio na mbeca cia tene itigagwo uhoro-ini na ripoti-ini.,,
cyclesYouCanSeeTheCyclesBut,You can see the cycles but not close one. Only the group account or a platform admin can.,Unaweza kuona mizunguko lakini huwezi kufunga. Ni akaunti ya kikundi au msimamizi wa jukwaa pekee anayeweza.,No wone mithiururuko no ndungihota kuhinga. Ni akaunti ya gikundi kana murori wa kioneki tu ungihota.,,
groupPolicyAppliesToNewLoansLoansAlready,Applies to new loans. Loans already given keep the term they were agreed with — changing this never changes what a member already owes.,Hutumika kwa mikopo mipya. Mikopo iliyokwisha tolewa hubaki na muda iliokubaliwa — kubadilisha hili hakubadilishi deni la mwanachama.,Uhuthikaga hari mikopo mieru. Mikopo iria irikitie kuheanwo itigagwo na ihinda riria rietikaniirio — kugarura undu uyu gutigaruraga thiiri uria mumemba ari naguo.,,
groupPolicyFlatOnTheAmountBorrowedEach,"Flat on the amount borrowed each month — it does not fall as the member repays, and it stops at the end of the agreed term. Zero is fine: many groups lend interest-free. Each loan keeps the rate it was made at, so changing this never reprices money already lent.","Ni kiwango kimoja juu ya kiasi kilichokopwa kila mwezi — hakipungui mwanachama anapolipa, na huisha mwisho wa muda uliokubaliwa. Sifuri ni sawa: vikundi vingi hukopesha bila riba. Kila mkopo hubaki na riba uliotolewa nayo, kwa hivyo kubadilisha hili hakubadilishi fedha zilizokwisha kopeshwa.","Ni githimi kimwe hari mbeca iria ciakombirwo o mweri — gitinyihanyiihaga mumemba akiriha, na githiraga muthia wa ihinda riria rietikaniirio. Naili ni wega: ikundi nyingi ikombithanagia hatari ucuuthi. O mukopo utigagwo na ucuuthi uria waheanirwo naguo, ni undu ucio kugarura undu uyu gutigaruraga mbeca iria ciarikitie gukombithanio.",,
groupPolicyYouCanSeeTheseRulesBut,You can see these rules but not change them. Only the group account or a platform admin can.,Unaweza kuona sheria hizi lakini huwezi kuzibadilisha. Ni akaunti ya kikundi au msimamizi wa jukwaa pekee anayeweza.,No wone mawatho maya no ndungihota kumagarura. Ni akaunti ya gikundi kana murori wa kioneki tu ungihota.,,
groupPolicyUnpaidFinesAndWelfareAreTaken,Unpaid fines and welfare are taken off a member\'s share-out payout — they never stop a member from sharing out.\n\nOutstanding loans are taken off at share-out and are never carried into the next cycle.,"Faini na michango ya jamii ambayo haijalipwa hukatwa kwenye mgao wa mwanachama — kamwe hazimzuii mwanachama kushiriki mgao.

Mikopo ambayo haijalipwa hukatwa wakati wa mgao na kamwe haipelekwi mzunguko unaofuata.","Faini na mbeca cia uteithio iria itarihitwo iruthagio kuuma kigayo-ini kia mumemba — itingigiria mumemba kugayana.

Mikopo iria itarihitwo iruthagio hindi ya kugayana na nditwaragwo muthiururuko-ini uria ungi.",,
paymentProvidersMPesaClassicNeedsNothingHere,M-Pesa Classic needs nothing here — the member types in the transaction code from their phone.,M-Pesa Classic haihitaji chochote hapa — mwanachama huandika msimbo wa muamala kutoka simu yake.,M-Pesa Classic ndibataire kindu haha — mumemba niwe wandikaga kimenyithia kia muamala kuuma thimu-ini yake.,,
paymentProvidersYouCanSeeThisButNot,You can see this but not change it. Only the group account or a platform admin can move where money is received.,Unaweza kuona hili lakini huwezi kulibadilisha. Ni akaunti ya kikundi au msimamizi wa jukwaa pekee anayeweza kuhamisha mahali fedha zinapopokelewa.,No wone undu uyu no ndungihota kuugarura. Ni akaunti ya gikundi kana murori wa kioneki tu ungihota kugarura haria mbeca ciamukiragirwo.,,
welfareYouAreOfflineWelfarePaymentsAre,You are offline. Welfare payments are recorded on the server so the fund cannot be overspent by two phones at once — reconnect to record one.,Huna mtandao. Malipo ya jamii hurekodiwa kwenye seva ili mfuko usitumike kupita kiasi na simu mbili kwa wakati mmoja — unganisha ili kurekodi.,Nduri na mutandao. Marihi ma uteithio mandikagwo cheba-ini niguo muthithu ndukahuthirwo makiria ni thimu igiri hamwe — ohania niguo wandike.,,
welfareNoMeetingIsOpenWelfareIs,"No meeting is open. Welfare is paid out during a meeting, in front of the members — open one first, then record it there.","Hakuna mkutano ulio wazi. Fedha za jamii hulipwa wakati wa mkutano, mbele ya wanachama — fungua mkutano kwanza, kisha rekodi hapo.","Gutiri mucemanio uhingure. Mbeca cia uteithio irihagwo hindi ya mucemanio, mbere ya amemba — hingura mucemanio mbere, ucooke wandike ho.",,
shareOutMembersHavenTBoughtSharesThis,"Members haven\'t bought shares this cycle. Run meetings and collect shares first, then come back to distribute the fund.","Wanachama hawajanunua hisa mzunguko huu. Endesha mikutano na kusanya hisa kwanza, kisha urudi kugawanya mfuko.","Amemba matigurite hisa muthiururuko-ini uyu. Rutithia micemanio na uunganirie hisa mbere, ucooke uuke kugayana mbeca.",,
externalLoanApplyCreditRatingUnavailableTheLenderChecks,Credit rating unavailable — the lender checks it when reviewing your application.,Kiwango cha mkopo hakipatikani — mkopeshaji hukiangalia anapopitia ombi lako.,Githimi kia mukopo gitiri ho — mukombithania niwe ugiroraga akirora ihooya riaku.,,
externalLoansCheckBackLaterPartnersAddNew,Check back later — partners add new loan offers from time to time.,Rudi baadaye — washirika huongeza mikopo mipya mara kwa mara.,Cooka thutha-ini — athiritu mongereragira mikopo mieru hindi na hindi.,,
externalLoansExternalLoansLoadFromTheIntelli,External loans load from the Intelli-Cash backend. Connect or sign in first.,Mikopo ya nje hupakiwa kutoka seva ya Intelli-Cash. Unganisha au ingia kwanza.,Mikopo ya nja irutagwo cheba-ini ya Intelli-Cash. Ohania kana utoonye mbere.,,
storeFarmSolarHouseholdAndBusinessProducts,"Farm, solar, household and business products — priced by your group\'s credit rating.","Bidhaa za shamba, sola, nyumbani na biashara — bei kulingana na kiwango cha mkopo cha kikundi chako.","Indo cia mugunda, riua, nyumba na wonjoria — thogora kuringana na githimi kia mukopo kia gikundi giaku.",,
storeIntelliStoresLoadsFromTheIntelli,Intelli-Stores loads from the Intelli-Cash backend. Connect or sign in first.,Intelli-Stores hupakiwa kutoka seva ya Intelli-Cash. Unganisha au ingia kwanza.,Intelli-Stores irutagwo cheba-ini ya Intelli-Cash. Ohania kana utoonye mbere.,,
businessProfileTheGroupSOwnEnterpriseNot,"The group\'s own enterprise, not a member\'s. Leave blank if they do not run one.","Biashara ya kikundi chenyewe, si ya mwanachama. Acha wazi kama hawana.","Wonjoria wa gikundi kiene, ti wa mumemba. Tiga hatari kindu mangikoruo matari naguo.",,
businessProfileThisVisitHasNotSyncedYet,"This visit has not synced yet, so the figures are saved against the group but not against this visit.","Ziara hii bado haijasawazishwa, kwa hivyo takwimu zimehifadhiwa kwa kikundi lakini si kwa ziara hii.","Rugendo ruru rutiri rwaiganania, ni undu ucio namba ciigitwo hari gikundi no ti hari rugendo ruru.",,
businessProfileSavedAgainstThisVisitSoNext,"Saved against this visit, so next time you can see what changed.","Imehifadhiwa kwa ziara hii, ili wakati ujao uone kilichobadilika.","Ni ciigitwo hari rugendo ruru, niguo hindi ingi wone kiria kiagarurukire.",,
recordVisitAVisitCanStillBeRecorded,"A visit can still be recorded without a location. Whether it matches this group is decided by the office, not here.","Ziara bado inaweza kurekodiwa bila mahali. Kama inalingana na kikundi hiki huamuliwa na ofisi, si hapa.","Rugendo no rungiandikwo o na hatari handu. Kana niruringaine na gikundi giki gutuagwo ni ofisi, ti haha.",,
recordVisitRecordWhatYouCoachedOnThen,"Record what you coached on, then let the group score it.","Rekodi ulichofundisha, kisha waache kikundi kikipime.","Andika kiria warutire, ucooke ureke gikundi gigithime.",,
visitAssessmentNoAssessmentFormHasBeenDownloaded,"No assessment form has been downloaded yet. Connect once to fetch it, then it works offline.","Hakuna fomu ya tathmini iliyopakuliwa bado. Unganisha mara moja ili kuipata, kisha itafanya kazi bila mtandao.","Gutiri fomu ya githimi irutitwo. Ohania riita rimwe niguo umirute, icooke irute wira hatari mutandao.",,
visitMentorshipNotScoredYetAVisitCan,"Not scored yet. A visit can be recorded without it, but the group\'s view is the only useful measure of the coaching.","Bado haijapimwa. Ziara inaweza kurekodiwa bila hii, lakini maoni ya kikundi ndiyo kipimo pekee muhimu cha ushauri.","Rutiri rwathimwo. Rugendo no rungiandikwo hatari uguo, no mawoni ma gikundi nimo githimi kiria kiri bata kia utaari.",,
createPollNoMembersLoadedForThisGroup,No members loaded for this group yet. Connect and open the group first.,Hakuna wanachama waliopakiwa kwa kikundi hiki bado. Unganisha na ufungue kikundi kwanza.,Gutiri amemba marutitwo gikundi giki. Ohania na uhingure gikundi mbere.,,
createPollNobodySeesWhoVotedForWhat,Nobody sees who voted for what. The counts are still shown to everyone.,Hakuna anayeona nani alipiga kura kwa nini. Idadi bado huonyeshwa kwa kila mtu.,Gutiri mundu ukuona nuu watuire kuri u. Namba nicionagio andu othe.,,
pollDetailNoMoreVotesCanBeCast,"No more votes can be cast after this, and the result is written into the group records. This cannot be undone.","Hakuna kura zaidi zitakazopigwa baada ya hii, na matokeo huandikwa kwenye rekodi za kikundi. Hili haliwezi kutenguliwa.","Gutiri itua ringi rigutuo thutha wa uyu, na macookio mandikagwo maandiko-ini ma gikundi. Undu uyu ndungicookererio.",,
pollDetailClosingCountsTheVotesAndWrites,Closing counts the votes and writes the result into the group records.,Kufunga huhesabu kura na kuandika matokeo kwenye rekodi za kikundi.,Kuhinga gutaraga itua na gukandika macookio maandiko-ini ma gikundi.,,
pollDetailYouHaveVotedThisIsA,"You have voted. This is a secret ballot, so your choice is not shown to anyone.","Umepiga kura. Hii ni kura ya siri, kwa hivyo chaguo lako halionyeshwi kwa mtu yeyote.","Niwatua. Riri ni itua ria hitho, ni undu ucio uthuuri waku ndwionagio mundu o na uriku.",,
pollsElectYourLeadersAndDecideTogether,"Elect your leaders and decide together. One member, one vote.","Chagua viongozi wenu na muamue pamoja. Mwanachama mmoja, kura moja.","Thuurai atongoria anyu na mutue hamwe. Mumemba umwe, itua rimwe.",,
pollsTapNewVoteToElectA,Tap New Vote to elect a leader or put a question to the group.,Gusa Kura Mpya ili kuchagua kiongozi au kuuliza kikundi swali.,Hutia Itua Rieru niguo uthuure mutongoria kana uurie gikundi kiuria.,,
pollsVotingIsKeptOnTheIntelli,Voting is kept on the Intelli-Cash backend so every member sees the same tally. Connect or sign in first.,Kura huhifadhiwa kwenye seva ya Intelli-Cash ili kila mwanachama aone idadi ile ile. Unganisha au ingia kwanza.,Itua ciigagwo cheba-ini ya Intelli-Cash niguo o mumemba one namba o iyo. Ohania kana utoonye mbere.,,
unlockOpensWhen,The meeting opens when {officials} officials — or {members} members — each turn their key.,Mkutano hufunguliwa viongozi {officials} — au wanachama {members} — wanapotumia funguo zao.,Mucemanio uhinguragwo riria atongoria {officials} — kana amemba {members} — mahuthira cabi ciao.,,
paymentProvidersStillNeeded,Not finished — still needed: {fields}. Until then money still goes to the platform account.,Haijakamilika — bado inahitajika: {fields}. Hadi hapo fedha bado huenda kwenye akaunti ya jukwaa.,Gutiri kwarikia — no kubataraga: {fields}. Nginya hindi iyo mbeca ithiaga akaunti-ini ya kioneki.,,
welfareSharedOutExplainer,This is what gets shared out at the end of the cycle — not the total contributed. {paidOut} has been paid out so far.,Hiki ndicho kitakachogawanywa mwisho wa mzunguko — si jumla iliyochangwa. {paidOut} imelipwa hadi sasa.,Ino niyo ikugayanwo muthia wa muthiururuko — ti mbeca ciothe iria ciarutirwo. {paidOut} nicirihitwo nginya riu.,,
shareOutStartsNextCycle,"This records every payout, settles outstanding loans, and starts Cycle {cycle}. It cannot be undone.","Hii hurekodi kila malipo, humaliza mikopo iliyobaki, na huanzisha Mzunguko {cycle}. Haiwezi kutenguliwa.","Undu uyu niwandikaga o irihi, ukarihia mikopo iria itigarite, na ukambiriria Muthiururuko {cycle}. Ndungicookererio.",,
visitAssessmentPhotoCapReached,This visit already has {max} photos.,Ziara hii tayari ina picha {max}.,Rugendo ruru niruri na mbica {max}.,,
languageDraftBadge,draft,rasimu,rasimu,,
