key,english,kiswahili_for_reference,Gikuyu_draft,Gikuyu_corrected,ok_as_is
appTagline,Your VSLA in your pocket,VSLA yako mfukoni mwako,VSLA yaku mũthithũ-inĩ waku,,
navDashboard,Dashboard,Muhtasari,Mũhũthũ,,
navMeetings,Meetings,Mikutano,Mĩcemanio,,
navMembers,Members,Wanachama,Amemba,,
navLoans,Loans,Mikopo,Mĩkopo,,
navMore,More,Zaidi,Mangĩ,,
welcomeTitle,Welcome to Intelli-Cash,Karibu Intelli-Cash,Wamũkĩro Intelli-Cash,,
welcomeCreateAccountPrompt,Create your account to get started.,Fungua akaunti yako ili uanze.,Ambĩrĩria na gũthondeka akaũnti yaku.,,
welcomeAccountReady,Your account is ready.,Akaunti yako iko tayari.,Akaũnti yaku nĩ yehaarĩirie.,,
createAccount,Create Account,Fungua Akaunti,Thondeka Akaũnti,,
createAccountSubtitle,"New here? Set up an account for your group, yourself, or your work as an agent.","Ni mara yako ya kwanza? Fungua akaunti ya kikundi chenu, yako binafsi, au ya kazi yako kama wakala.","Nĩ mbere yaku? Thondeka akaũnti ya gĩkundi kĩanyu, yaku we mwene, kana ya wĩra waku ta mũrũgamĩrĩri.",,
signIn,Sign In,Ingia,Toonya,,
signInSubtitle,I already have an Intelli-Cash account.,Tayari nina akaunti ya Intelli-Cash.,Ndĩ na akaũnti ya Intelli-Cash.,,
signOut,Sign out,Toka,Uma,,
signedInAs,Signed in as {name}.,Umeingia kama {name}.,Wĩtoonyetie ta {name}.,,
setUpGroup,Set up my group on this phone,Sajili kikundi changu kwenye simu hii,Thondeka gĩkundi gĩakwa thimũ-inĩ ĩno,,
setUpGroupSubtitle,"Keep your group's savings, loans and meetings — works without internet once set up.","Weka akiba, mikopo na mikutano ya kikundi chenu — hufanya kazi bila intaneti baada ya kusajili.","Iga ũigi, mĩkopo na mĩcemanio ya gĩkundi kĩanyu — nĩ ĩrutaga wĩra o na hatarĩ ĩntaneti.",,
whoIsThisAccountFor,Who is this account for?,Akaunti hii ni ya nani?,Akaũnti ĩno nĩ ya ũ?,,
pickOneLater,Pick one — you can always add more accounts later.,Chagua moja — unaweza kuongeza akaunti nyingine baadaye.,Thuura ĩmwe — no wongerere ingĩ thutha-inĩ.,,
accountTypeGroup,Our Group,Kikundi Chetu,Gĩkundi Gĩitũ,,
accountTypeGroupSubtitle,"This phone will keep our group's savings, loans and meetings.","Simu hii itatunza akiba, mikopo na mikutano ya kikundi chetu.","Thimũ ĩno nĩyo ĩkũiga ũigi, mĩkopo na mĩcemanio ya gĩkundi gĩitũ.",,
accountTypeMember,Just Me,Mimi Peke Yangu,Niĩ Nyiki,,
accountTypeMemberSubtitle,"I want to see my own savings, shares and loans.","Nataka kuona akiba, hisa na mikopo yangu.","Nĩngwenda kuona ũigi, hisa na mĩkopo yakwa.",,
accountTypeAgent,Field Agent,Wakala wa Ugani,Mũrũgamĩrĩri wa Mũgũnda,,
accountTypeAgentSubtitle,Village Agent or CBT — I support and monitor several groups.,Wakala wa Kijiji au CBT — nasaidia na kufuatilia vikundi kadhaa.,Mũrũgamĩrĩri wa Itũũra kana CBT — nĩndeithagia na ngarora ikundi nyingĩ.,,
change,Change,Badilisha,Garũra,,
groupNameLabel,Group name,Jina la kikundi,Rĩĩtwa rĩa gĩkundi,,
yourFullName,Your full name,Jina lako kamili,Rĩĩtwa rĩaku rĩothe,,
phoneNumber,Phone number,Nambari ya simu,Namba ya thimũ,,
password,Password,Nenosiri,Kĩhithe,,
passwordHint,At least 6 characters — keep it secret.,Angalau herufi 6 — liweke siri.,Ndemwa 6 kana nyingĩ — kĩige kĩrĩ kĩhithe.,,
repeatPassword,Repeat password,Rudia nenosiri,Cookera kĩhithe,,
emailOptional,Email (optional),Barua pepe (si lazima),Barũa ya ĩntaneti (ti bata),,
countyOptional,County (optional),Kaunti (si lazima),Kaũnti (ti bata),,
createMyAccount,Create My Account,Fungua Akaunti Yangu,Thondeka Akaũnti Yakwa,,
creatingAccount,Creating account…,Inafungua akaunti…,Nĩgũthondekwo akaũnti…,,
registerNeedsInternet,Creating an account needs an internet connection. Your phone number is your sign-in.,Kufungua akaunti kunahitaji intaneti. Nambari yako ya simu ndiyo utakayotumia kuingia.,Gũthondeka akaũnti nĩkũbataraga ĩntaneti. Namba yaku ya thimũ nĩyo ũkũhũthĩra gũtoonya.,,
welcomeBack,Welcome back,Karibu tena,Wamũkĩro rĩngĩ,,
signInWithPhone,Sign in with your phone number and password.,Ingia kwa nambari yako ya simu na nenosiri.,Toonya na namba yaku ya thimũ na kĩhithe.,,
phoneOrEmail,Phone number or email,Nambari ya simu au barua pepe,Namba ya thimũ kana barũa ya ĩntaneti,,
signingIn,Signing in…,Inaingia…,Nĩgũtoonywo…,,
sessionNote,Your session lasts 8 hours. The group's record book keeps working offline once you are signed in.,Kipindi chako hudumu saa 8; daftari la nje ya mtandao huendelea kufanya kazi bila kuingia tena.,Mahinda maku nĩ mathaa 8. Ibuku rĩa gĩkundi rĩthiaga na mbere kũruta wĩra o na hatarĩ ĩntaneti waarĩkia gũtoonya.,,
sectionGroup,Group,Kikundi,Gĩkundi,,
sectionReports,Reports,Ripoti,Ripoti,,
sectionEndOfCycle,End of cycle,Mwisho wa mzunguko,Mũthia wa mũthiũrũrũko,,
sectionCloudBackup,Cloud & backup,Wingu na hifadhi,Matu na kũiga,,
sectionAppearance,Appearance,Muonekano,Mũonekere,,
sectionLanguage,Language,Lugha,Rũthiomi,,
sectionAbout,About,Kuhusu,Ũhoro,,
groupSettings,Group Settings,Mipangilio ya Kikundi,Mĩbango ya Gĩkundi,,
groupSettingsSubtitle,"Savings, loans and meeting days","Akiba, mikopo na siku za mikutano","Ũigi, mĩkopo na mĩthenya ya mĩcemanio",,
meetingSecurity,Meeting Security,Usalama wa Mkutano,Ũgitĩri wa Mũcemanio,,
memberAccounts,Member Accounts,Akaunti za Wanachama,Akaũnti cia Amemba,,
memberAccountsSubtitle,Let members get their own sign-in to see their savings,Ruhusu wanachama wapate akaunti zao kuona akiba zao,Rekereria amemba magĩe na akaũnti ciao mone ũigi wao,,
groupRules,Group Rules,Sheria za Kikundi,Mawatho ma Gĩkundi,,
groupReport,Group Report,Ripoti ya Kikundi,Ripoti ya Gĩkundi,,
groupReportSubtitle,"Money, members and meetings — share text or PDF","Pesa, wanachama na mikutano — tuma maandishi au PDF","Mbeca, amemba na mĩcemanio — tũma maandĩko kana PDF",,
memberReports,Member Reports,Ripoti za Wanachama,Ripoti cia Amemba,,
memberReportsSubtitle,A statement for each member — share text or PDF,Taarifa ya kila mwanachama — tuma maandishi au PDF,Ũhoro wa o mũmemba — tũma maandĩko kana PDF,,
shareOut,Share-Out,Mgao wa Mwisho,Kũgayana,,
shareOutSubtitle,Share the group fund back to members,Gawa pesa za kikundi kwa wanachama,Gaĩra amemba mbeca cia gĩkundi,,
cloudAccount,Cloud Account,Akaunti ya Wingu,Akaũnti ya Matu,,
syncBackup,Sync & Backup,Sawazisha na Hifadhi,Kũiganania na Kũiga,,
intelliStores,Intelli-Stores,Intelli-Stores,Intelli-Stores,,
language,Language,Lugha,Rũthiomi,,
languageSubtitle,Choose the language for this phone,Chagua lugha ya simu hii,Thuura rũthiomi rwa thimũ ĩno,,
languageNeedsReview,"Every screen is translated, but a speaker of this language has not checked the wording yet. If something reads wrongly, please tell us — you can switch back to English or Kiswahili at any time.","Kila skrini imetafsiriwa, lakini mzungumzaji wa lugha hii bado hajakagua maneno. Kama kitu hakisomeki vizuri, tuambie — unaweza kurudi kwa Kiingereza au Kiswahili wakati wowote.","Ithangũ o rĩothe nĩrĩataũrwo, no mũndũ ũaragia rũthiomi rũrũ ndarĩ arorire ciugo. Kũngĩkorũo harĩ ũndũ ũtathomeka wega, tũmenyithie — no ũcooke Gĩthungũ kana Gĩthwahili hĩndĩ o yothe.",,
shareTextButton,Share Text,Tuma Maandishi,Tũma Maandĩko,,
back,Back,Rudi,Cooka,,
cancel,Cancel,Ghairi,Tiga,,
signedOut,Signed out.,Umetoka.,Nĩwoima.,,
signOutKeepsRecords,"Your group's savings, loans and meetings stay saved on this phone, but nobody can open them until you sign in again. Your phone number will be remembered.","Akiba, mikopo na mikutano ya kikundi chenu vitabaki vimehifadhiwa kwenye simu hii, lakini hakuna atakayeweza kuvifungua hadi uingie tena. Nambari yako ya simu itakumbukwa.","Ũigi, mĩkopo na mĩcemanio ya gĩkundi kĩanyu ĩgũtigwo ĩigĩtwo thimũ-inĩ ĩno, no gũtirĩ mũndũ ũngĩmĩhingũra ũtatoonyete rĩngĩ. Namba yaku ya thimũ nĩĩkũririkanwo.",,
signOutMemberNote,You will need to sign in again to see your savings. Your phone number will be remembered.,Utahitaji kuingia tena ili kuona akiba yako. Nambari yako ya simu itakumbukwa.,Nĩũkabatara gũtoonya rĩngĩ nĩguo wone ũigi waku. Namba yaku ya thimũ nĩĩkũririkanwo.,,
signOutAgentNote,You will need to sign in again to see your groups. Your phone number will be remembered.,Utahitaji kuingia tena ili kuona vikundi vyako. Nambari yako ya simu itakumbukwa.,Nĩũkabatara gũtoonya rĩngĩ nĩguo wone ikundi ciaku. Namba yaku ya thimũ nĩĩkũririkanwo.,,
whoIsSigningIn,Who is signing in?,Nani anaingia?,Nũũ ũratoonya?,,
whoIsSigningInSubtitle,"Choose the kind of account you use, then enter your phone number and password.","Chagua aina ya akaunti unayotumia, kisha weka nambari yako ya simu na nenosiri.","Thuura mũthemba wa akaũnti ũrahũthĩra, ũcooke wĩkĩre namba yaku ya thimũ na kĩhithe.",,
welfareRecordThisPayment,Record this payment?,Rekodi malipo haya?,Andĩka irĩhi rĩrĩ?,,
welfareRecordPayment,Record payment,Rekodi malipo,Andĩka irĩhi,,
welfareWelfareFund,Welfare Fund,Mfuko wa Jamii,Mũthithũ wa Ũteithio,,
welfareCouldNotLoadTheWelfare,Could not load the welfare fund.,Imeshindwa kupakia mfuko wa jamii.,Mũthithũ wa ũteithio ndũnahota kũrutwo.,,
welfareTryAgain,Try again,Jaribu tena,Geria rĩngĩ,,
welfareLeftInTheWelfareFund,Left in the welfare fund,Kilichobaki kwenye mfuko wa jamii,Kĩrĩa gĩtigarĩte mũthithũ-inĩ wa ũteithio,,
welfareRecordAWelfarePayment,Record a welfare payment,Rekodi malipo ya jamii,Andĩka irĩhi rĩa ũteithio,,
welfarePaidOutThisCycle,Paid out this cycle,Kilicholipwa mzunguko huu,Kĩrĩa kĩrĩhĩtwo mũthiũrũrũko-inĩ ũyũ,,
welfareNothingPaidOutYetThe,Nothing paid out yet — the whole welfare fund will be shared.,Hakuna kilicholipwa bado — mfuko wote wa jamii utagawanywa.,Gũtirĩ kĩrĩhĩtwo — mũthithũ wothe wa ũteithio nĩũkũgayanwo.,,
welfareRecordedInMeeting,Recorded in meeting,Imerekodiwa kwenye mkutano,Kwandĩkĩirwo mũcemanio-inĩ,,
welfareAmountKsh,Amount (KSh),Kiasi (KSh),Mũigana (KSh),,
welfareWhatFor,What for,Kwa ajili gani,Nĩ kwa ũndũ ũrĩkũ,,
welfarePaidTo,Paid to,Amelipwa,Aarĩhirwo,,
welfareAMemberAFamilyOr,"A member, a family, or a hospital — whoever received it","Mwanachama, familia au hospitali — yeyote aliyepokea","Mũmemba, mũciĩ, kana thibitarĩ — mũndũ o wothe ũrĩa waamũkĩrire",,
welfareNoteOptional,Note (optional),Maelezo (si lazima),Ũhoro (ti bata),,
meetingHubEditAttendance,Edit attendance,Badilisha mahudhurio,Garũra ũkinyu,,
meetingHubCloseLockMeeting,Close & Lock Meeting,Funga na Ufunge Mkutano,Hinga na Ũhingĩre Mũcemanio,,
meetingHubClosingLocksAllRecordsPermanently,Closing locks all records permanently.,Kufunga hufunga rekodi zote milele.,Kũhinga kũhingaga maandĩko mothe nginya tene.,,
meetingHubKeepOpen,Keep Open,Acha Wazi,Tiga Ũhingũkĩte,,
meetingHubCloseLock,Close & Lock,Funga na Ufunge,Hinga na Ũhingĩre,,
meetingHubSocialFund,Social Fund,Mfuko wa Jamii,Mũthithũ wa Ũteithio,,
meetingHubBuyShares,Buy Shares,Nunua Hisa,Gũra Hisa,,
meetingHubRecordFine,Record Fine,Rekodi Faini,Andĩka Faini,,
meetingHubDisburseLoan,Disburse Loan,Toa Mkopo,Heana Mũkopo,,
meetingHubRepayment,Repayment,Marejesho,Kũrĩha,,
meetingHubShareRecords,Share Records,Rekodi za Hisa,Maandĩko ma Hisa,,
meetingHubVoting,Voting,Kupiga Kura,Gũtua,,
meetingHubWelfare,Welfare,Jamii,Ũteithio,,
meetingHubIntelliStore,Intelli-Store,Intelli-Store,Intelli-Store,,
meetingHubExternalLoans,External Loans,Mikopo ya Nje,Mĩkopo ya Nja,,
groupSetupWizardAddTheMembersJoiningThis,Add the members joining this cycle. You can always add more later.,Ongeza wanachama wanaojiunga na mzunguko huu. Unaweza kuongeza wengine baadaye.,Ongerera amemba arĩa marenyita mũthiũrũrũko ũyũ. No wongerere angĩ hĩndĩ ĩngĩ.,,
groupSetupWizardEveryoneBuysSharesAtOne,Everyone buys shares at one fixed price,Kila mtu ananunua hisa kwa bei moja isiyobadilika,Mũndũ o wothe agũraga hisa na thogora ũmwe ũtagarũrũkaga,,
groupSetupWizardMembersSaveWhatTheyCan,Members save what they can each meeting,Wanachama huweka akiba kadri wawezavyo kila mkutano,Amemba maigaga kĩrĩa mangĩhota o mũcemanio,,
groupSetupWizardGroupName,Group Name,Jina la Kikundi,Rĩĩtwa rĩa gĩkundi,,
groupSetupWizardCycleNumber,Cycle Number,Namba ya Mzunguko,Namba ya Mũthiũrũrũko,,
groupSetupWizardWhichSavingsCycleIsThis,Which savings cycle is this group on?,Kikundi hiki kiko kwenye mzunguko upi wa akiba?,Gĩkundi gĩkĩ kĩrĩ mũthiũrũrũko ũrĩkũ wa ũigi?,,
groupSetupWizardMemberName,Member Name,Jina la Mwanachama,Rĩĩtwa rĩa mũmemba,,
groupSetupWizardAddMember,Add member,Ongeza mwanachama,Ongerera mũmemba,,
groupSetupWizardRemove,Remove,Ondoa,Eheria,,
groupSetupWizardShareValueKsh,Share Value (KSh),Thamani ya Hisa (KSh),Thogora wa Hisa (KSh),,
groupSetupWizardMaxSharesPerMeeting,Max Shares per Meeting,Hisa za Juu Kila Mkutano,Hisa Iria Nyingĩ o Mũcemanio,,
groupSetupWizardSocialFundPerMeetingKsh,Social Fund per Meeting (KSh),Mfuko wa Jamii Kila Mkutano (KSh),Mũthithũ wa Ũteithio o Mũcemanio (KSh),,
groupSetupWizardTrackedSeparatelyFromSavings,Tracked separately from savings,Hufuatiliwa tofauti na akiba,Ũrũmagĩrĩrwo mwanya na ũigi,,
groupSetupWizardInterestRatePerMonth,Interest Rate (% per month),Riba (% kwa mwezi),Ũcuuthi (% o mweri),,
groupSetupWizardMaxLoanMultiplierSavings,Max Loan Multiplier (× savings),Kikomo cha Mkopo (× akiba),Mũigana wa Mũkopo (× ũigi),,
groupSetupWizardDefaultLoanTermMonths,Default Loan Term (months),Muda wa Kawaida wa Mkopo (miezi),Ihinda rĩa Mũkopo (mĩeri),,
groupSyncBackUpToCloud,Back Up to Cloud,Hifadhi Kwenye Wingu,Iga Matu-inĩ,,
groupSyncUnlinkGroup,Unlink group?,Ondoa kiungo cha kikundi?,Eheria kĩohanio kĩa gĩkundi?,,
groupSyncUnlink,Unlink,Ondoa kiungo,Eheria kĩohanio,,
groupSyncNotConnected,Not connected,Haijaunganishwa,Ĩtiohanĩtio,,
groupSyncOpenServerConnection,Open Server Connection,Fungua Muunganisho wa Seva,Hingũra Kĩohanio kĩa Cheba,,
groupSyncLink,Link,Unganisha,Ohania,,
groupSyncUnlinkGroup2,Unlink Group,Ondoa Kiungo cha Kikundi,Eheria Kĩohanio kĩa Gĩkundi,,
groupSyncNoBackendGroups,No backend groups,Hakuna vikundi kwenye seva,Gũtirĩ ikundi cheba-inĩ,,
groupSyncThisApiKeyCannotSee,This API key cannot see any groups to link to.,Ufunguo huu hauwezi kuona kikundi chochote cha kuunganisha.,Kĩhingũro gĩkĩ gĩtingĩona gĩkundi o na kĩmwe gĩa kuohania.,,
groupSyncBackendGroup,Backend group,Kikundi kwenye seva,Gĩkundi kĩrĩa kĩrĩ cheba-inĩ,,
createPollStartAVote,Start a Vote,Anzisha Kura,Ambĩrĩria Itua,,
createPollEveryonePresentVotesOnceNobody,Everyone present votes once. Nobody can vote twice.,Kila aliyepo hupiga kura mara moja. Hakuna anayeweza kupiga mara mbili.,O mũndũ ũrĩ ho atuaga riita rĩmwe. Gũtirĩ ũngĩtua maita meerĩ.,,
createPollChooseALeader,Choose a leader,Chagua kiongozi,Thuura mũtongoria,,
createPollDecideSomething,Decide something,Amua jambo,Tua ũndũ,,
createPollTickAtLeastTwoPeople,Tick at least two people.,Chagua angalau watu wawili.,Thuura andũ eerĩ kana makĩria.,,
createPollAddAnotherAnswer,Add another answer,Ongeza jibu lingine,Ongerera macookio mangĩ,,
createPollSecretVote,Secret vote,Kura ya siri,Itua rĩa hitho,,
createPollOpenTheVote,Open the Vote,Fungua Kura,Hingũra Itua,,
createPollWhichPosition,Which position?,Nafasi ipi?,Nĩ nafathi ĩrĩkũ?,,
createPollWhatIsTheQuestion,What is the question?,Swali ni lipi?,Kĩũria nĩ kĩrĩkũ?,,
createPollShouldWeBuyAGroup,Should we buy a group water tank?,"Je, tununue tanki la maji la kikundi?",Nĩtũgũre tanki ya maĩ ya gĩkundi?,,
paymentProvidersLeaveABoxEmptyTo,Leave a box empty to keep what is already saved.,Acha kisanduku wazi ili kubaki na kilichohifadhiwa.,Tiga gĩkabũ gĩtarĩ kĩndũ nĩguo ũtige kĩrĩa kĩigĩtwo.,,
paymentProvidersSave,Save,Hifadhi,Iga,,
paymentProvidersUseThePlatformAccount,Use the platform account?,Tumia akaunti ya jukwaa?,Hũthĩra akaũnti ya kĩoneki?,,
paymentProvidersPaymentProviders,Payment Providers,Watoa Huduma za Malipo,Aheani a Marĩhi,,
paymentProvidersUsePlatform,Use platform,Tumia jukwaa,Hũthĩra kĩoneki,,
storeShopOnCredit,Shop on credit,Nunua kwa mkopo,Gũra na mũkopo,,
storeLoanOffersFromLendingPartners,Loan offers from lending partners — apply as a group.,Mikopo kutoka kwa washirika wa kukopesha — omba kama kikundi.,Mĩkopo kuuma kũrĩ athiritũ akombithania — hooya ta gĩkundi.,,
storeSeeAllExternalLoans,See all external loans,Ona mikopo yote ya nje,Ona mĩkopo yothe ya nja,,
storeConnectToBrowseTheStore,Connect to browse the store,Unganisha ili kutazama duka,Ohania nĩguo wone thoko,,
storeOpenCloudAccount,Open Cloud Account,Fungua Akaunti ya Wingu,Hingũra Akaũnti ya Matu,,
storeAll,All,Zote,Ciothe,,
storeCouldNotLoadTheStore,Could not load the store,Imeshindwa kupakia duka,Thoko ndĩnahota kũrutwo,,
storeNoProductsInThisCategory,No products in this category,Hakuna bidhaa katika kundi hili,Gũtirĩ indo mũthemba-inĩ ũyũ,,
storeTryADifferentCategoryOr,Try a different category or check back later.,Jaribu kundi lingine au rudi baadaye.,Geria mũthemba ũngĩ kana ũcooke thutha-inĩ.,,
pollsNewVote,New Vote,Kura Mpya,Itua Rĩerũ,,
pollsGroupVotes,Group votes,Kura za kikundi,Itua cia gĩkundi,,
pollsSecret,Secret,Siri,Hitho,,
pollsYouHaveVoted,You have voted,Umepiga kura,Nĩwatua,,
pollsConnectToVote,Connect to vote,Unganisha ili kupiga kura,Ohania nĩguo ũtue,,
pollsCouldNotLoadTheVotes,Could not load the votes,Imeshindwa kupakia kura,Itua itinahota kũrutwo,,
pollsNoVotesYet,No votes yet,Hakuna kura bado,Gũtirĩ itua,,
memberPassbookMyPassbook,My Passbook,Kitabu Changu,Ibuku Rĩakwa,,
memberPassbookJoinAGroup,Join a group,Jiunge na kikundi,Ĩtĩkĩra gĩkundi,,
memberPassbookMyReport,My report,Ripoti yangu,Ripoti yakwa,,
memberPassbookMySavingsAcrossAllGroups,My savings across all groups,Akiba yangu katika vikundi vyote,Ũigi wakwa ikundi-inĩ ciothe,,
memberPassbookJoinAnotherGroup,Join another group,Jiunge na kikundi kingine,Ĩtĩkĩra gĩkundi kĩngĩ,,
memberPassbookYouAreNotInA,You are not in a group yet,Bado hujajiunga na kikundi,Ndũrĩ gĩkundi-inĩ o na rĩmwe,,
memberPassbookNoTransactionsYet,No transactions yet,Hakuna miamala bado,Gũtirĩ maũndũ mekĩtwo,,
memberPassbookYourSavingsAndLoanRecords,Your savings and loan records will appear here.,Rekodi za akiba na mikopo yako zitaonekana hapa.,Maandĩko ma ũigi na mĩkopo yaku nĩmakonekaga haha.,,
joinRequestsDecline,Decline,Kataa,Rega,,
joinRequestsJoinRequests,Join Requests,Maombi ya Kujiunga,Mahooya ma Kwĩyũnganĩria,,
joinRequestsPeopleAskingToJoin,People asking to join,Watu wanaoomba kujiunga,Andũ arĩa marahooya kwĩyũnganĩria,,
joinRequestsApprove,Approve,Kubali,Ĩtĩkĩra,,
joinRequestsReasonOptional,Reason (optional),Sababu (si lazima),Gĩtũmi (ti bata),,
joinRequestsNoOneIsWaiting,No one is waiting,Hakuna anayesubiri,Gũtirĩ mũndũ ũreteterera,,
pollDetailCloseThisVote,Close this vote?,Funga kura hii?,Hinga itua rĩrĩ?,,
pollDetailCloseVote,Close Vote,Funga Kura,Hinga Itua,,
pollDetailVote,Vote,Piga Kura,Tua,,
pollDetailYourChoice,Your choice,Chaguo lako,Ũthuuri waku,,
pollDetailNoMembersLoadedForThis,No members loaded for this group yet.,Hakuna wanachama waliopakiwa kwa kikundi hiki bado.,Gũtirĩ amemba marutĩtwo gĩkundi gĩkĩ.,,
pollDetailMemberCastingThisVote,Member casting this vote,Mwanachama anayepiga kura hii,Mũmemba ũratua itua rĩrĩ,,
groupPolicyHowLongALoanRuns,How long a loan runs,Mkopo hudumu muda gani,Mũkopo ũikaraga ihinda rĩigana atĩa,,
groupPolicyInterestCharged,Interest charged,Riba inayotozwa,Ũcuuthi ũrĩa ũtozagwo,,
groupPolicyExpensesArePaidFrom,Expenses are paid from,Gharama hulipwa kutoka,Thogora ũrĩhagwo kuuma,,
groupPolicyRulesThatAreFixed,Rules that are fixed,Sheria zisizobadilika,Mawatho matagarũrũkaga,,
productDetailRequestOnCredit,Request on Credit,Omba kwa Mkopo,Hooya na Mũkopo,,
productDetailQuantity,Quantity,Idadi,Mũigana,,
productDetailSubmitRequest,Submit Request,Wasilisha Ombi,Tũma Ihooya,,
productDetailPricedAtTheStandardDeposit,Priced at the standard deposit — rating unavailable.,Bei ya amana ya kawaida — kiwango hakipatikani.,Thogora wa mũthiĩ wa kawaida — gĩthimi gĩtirĩ ho.,,
productDetailProgramme,Programme,Programu,Mũbango,,
productDetailCustomerName,Customer name,Jina la mteja,Rĩĩtwa rĩa mũgũri,,
productDetailEmail,Email,Barua pepe,Barũa ya ĩntaneti,,
productDetailGroupNameOptional,Group name (optional),Jina la kikundi (si lazima),Rĩĩtwa rĩa gĩkundi (ti bata),,
dashboardHello,Hello 👋,Habari 👋,Wĩ mwega 👋,,
dashboardTotalSavings,Total Savings,Jumla ya Akiba,Mbeca Ciothe Iigĩtwo,,
dashboardActiveLoans,Active Loans,Mikopo Hai,Mĩkopo Ĩrĩ Wĩra-inĩ,,
dashboardFinesCollected,Fines Collected,Faini Zilizokusanywa,Faini Iria Ciũnganĩtio,,
disburseLoanLoanEligibility,Loan Eligibility,Ustahili wa Mkopo,Ũhoti wa Kũheo Mũkopo,,
disburseLoanSelectMember,Select Member,Chagua Mwanachama,Thuura Mũmemba,,
disburseLoanPrincipalAmountKsh,Principal Amount (KSh),Kiasi cha Msingi (KSh),Mbeca cia Kĩambĩrĩria (KSh),,
disburseLoanDueDate,Due Date,Tarehe ya Mwisho,Mũthenya wa Kũrĩha,,
joinGroupRequestSent,Request sent,Ombi limetumwa,Ihooya nĩrĩatũmwo,,
joinGroupDone,Done,Imekamilika,Nĩ kũhĩte,,
joinGroupAskYourGroupToAdd,Ask your group to add you,Omba kikundi chako kikuongeze,Hooya gĩkundi gĩaku gĩkuongerere,,
joinGroupSendRequest,Send request,Tuma ombi,Tũma ihooya,,
joinGroupViewing,Viewing,Unatazama,Ũroroa,,
joinGroupGroupCode,Group code,Msimbo wa kikundi,Kĩmenyithia kĩa gĩkundi,,
memberDetailEditDetails,Edit details,Badilisha maelezo,Garũra ũhoro,,
memberDetailMemberReport,Member report,Ripoti ya mwanachama,Ripoti ya mũmemba,,
memberDetailNoLoansTaken,No loans taken,Hakuna mkopo uliochukuliwa,Gũtirĩ mũkopo woetwo,,
memberDetailStartingPassword,Starting password,Nenosiri la kuanzia,Kĩhithe kĩa kwambĩrĩria,,
memberDetailAtLeast6Characters,At least 6 characters.,Angalau herufi 6.,Ndemwa 6 kana nyingĩ.,,
cyclesCloseCycle,Close cycle,Funga mzunguko,Hinga mũthiũrũrũko,,
cyclesSavingCycles,Saving Cycles,Mizunguko ya Akiba,Mĩthiũrũrũko ya Ũigi,,
cyclesCloseCycleAndStartThe,Close cycle and start the next,Funga mzunguko na uanze ujao,Hinga mũthiũrũrũko wambĩrĩrie ũrĩa ũngĩ,,
cyclesReadOnlyStillVisibleIn,Read-only — still visible in reports,Kusoma tu — bado inaonekana kwenye ripoti,Gũthomwo tu — no ũronekaga ripoti-inĩ,,
externalLoansCreditVentures,Credit ventures,Miradi ya mkopo,Mĩbango ya mũkopo,,
externalLoansConnectToSeeLoanOffers,Connect to see loan offers,Unganisha ili kuona mikopo iliyopo,Ohania nĩguo wone mĩkopo ĩrĩa ĩrĩ ho,,
externalLoansCouldNotLoadLoanOffers,Could not load loan offers,Imeshindwa kupakia mikopo iliyopo,Mĩkopo ĩtinahota kũrutwo,,
externalLoansNoLoanOffersRightNow,No loan offers right now,Hakuna mkopo kwa sasa,Gũtirĩ mũkopo rĩu,,
accountAccount,Account,Akaunti,Akaũnti,,
accountServer,Server,Seva,Cheba,,
accountAppVersion,App version,Toleo la programu,Mũthemba wa app,,
accountPhone,Phone,Simu,Thimũ,,
businessProfileGroupBusiness,Group business,Biashara ya kikundi,Wonjoria wa gĩkundi,,
businessProfileWhatDoesTheGroupRun,What does the group run together?,Kikundi kinaendesha biashara gani pamoja?,Nĩ wonjoria ũrĩkũ gĩkundi kĩrutaga hamwe?,,
businessProfileTypeOfBusiness,Type of business,Aina ya biashara,Mũthemba wa wonjoria,,
businessProfileEGPoultryCerealBuying,"e.g. poultry, cereal buying","mfano: kuku, ununuzi wa nafaka","ta: ngũkũ, kũgũra mbembe",,
businessProfileMoneyInEachMonthKes,Money in each month (KES),Mapato kila mwezi (KES),Mbeca itonyaga o mweri (KES),,
businessProfileCostsEachMonthKes,Costs each month (KES),Gharama kila mwezi (KES),Thogora o mweri (KES),,
businessProfilePeopleItEmploys,People it employs,Watu inaowaajiri,Andũ arĩa ũheaga wĩra,,
businessProfileBiggestProblemTheyFace,Biggest problem they face,Tatizo kubwa wanalokabiliana nalo,Thĩna mũnene ũrĩa mahĩtũkagĩra,,
recordVisitSettings,Settings,Mipangilio,Mĩbango,,
recordVisitScoreTheGroup,Score the group,Pima kikundi,Thima gĩkundi,,
recordVisitTheGroupSEnterprise,The group’s enterprise,Biashara ya kikundi,Wonjoria wa gĩkundi,,
recordVisitWhatTheyRunTogetherAnd,"What they run together, and how it is doing.","Wanachoendesha pamoja, na kinavyokwenda.","Kĩrĩa marutaga hamwe, na ũrĩa gĩgũthiĩ.",,
recordVisitSavedOnThisPhoneFirst,"Saved on this phone first, then sent when you have signal.","Huhifadhiwa kwenye simu hii kwanza, kisha hutumwa ukipata mtandao.","Kĩigagwo thimũ-inĩ ĩno mbere, gĩcooke gĩtũmwo wagĩa na mũtandao.",,
recordVisitWhyNotOptional,Why not? (optional),Kwa nini hapana? (si lazima),Nĩkĩ gĩtirĩ? (ti bata),,
recordVisitWhatYouFound,What you found,Uliyoyakuta,Kĩrĩa wonire,,
agentHomeMyGroups,My Groups,Vikundi Vyangu,Ikundi Ciakwa,,
agentHomeCaseloadReport,Caseload report,Ripoti ya vikundi,Ripoti ya ikundi,,
agentHomeNoGroupsAssigned,No groups assigned,Hakuna kikundi ulichopewa,Gũtirĩ gĩkundi ũheetwo,,
agentHomeGroups,Groups,Vikundi,Ikundi,,
agentHomeNeedSupport,Need support,Vinahitaji msaada,Ĩrabatara ũteithio,,
loansLoanPortfolio,Loan Portfolio,Jalada la Mikopo,Ibuku rĩa Mĩkopo,,
loansActive,Active,Hai,Ĩrĩ Wĩra,,
loansSearchByMemberName,Search by member name,Tafuta kwa jina la mwanachama,Caria na rĩĩtwa rĩa mũmemba,,
loansNoLoansHere,No loans here,Hakuna mikopo hapa,Gũtirĩ mĩkopo haha,,
threeKeyUnlockUnlockMeeting,Unlock Meeting,Fungua Mkutano,Hingũra Mũcemanio,,
threeKeyUnlockVerified,Verified,Imethibitishwa,Nĩ gwĩkĩrĩtwo hinya,,
threeKeyUnlockSendANewCode,Send a new code,Tuma msimbo mpya,Tũma kĩmenyithia kĩerũ,,
threeKeyUnlockNoSmsUseMySaved,No SMS? Use my saved PIN instead,Hakuna SMS? Tumia PIN yangu iliyohifadhiwa,Gũtirĩ SMS? Hũthĩra PIN yakwa ĩrĩa ĩigĩtwo,,
threeKeyUnlockOneTimeCode,One-time code,Msimbo wa mara moja,Kĩmenyithia kĩa riita rĩmwe,,
threeKeyUnlockRepeatPin,Repeat PIN,Rudia PIN,Cookera PIN,,
memberReportMyReport,My Report,Ripoti Yangu,Ripoti Yakwa,,
memberReportShare,Share,Shiriki,Gaĩra,,
memberReportNotSignedIn,Not signed in,Hujaingia,Ndũtoonyete,,
memberReportSignInToYourAccount,Sign in to your account to see and share your report.,Ingia kwenye akaunti yako ili kuona na kushiriki ripoti yako.,Toonya akaũnti-inĩ yaku nĩguo wone na ũgaĩre ripoti yaku.,,
cloudDashboardCloudData,Cloud Data,Data ya Wingu,Ũhoro wa Matu,,
cloudDashboardRefresh,Refresh,Onyesha upya,Erũhia,,
cloudDashboardSavingsFund,Savings Fund,Mfuko wa Akiba,Mũthithũ wa Ũigi,,
cloudDashboardInternalLoans,Internal Loans,Mikopo ya Ndani,Mĩkopo ya Thĩinĩ,,
serverSettingsOrUseAGroupAccess,or use a group access key,au tumia ufunguo wa kikundi,kana hũthĩra kĩhingũro kĩa gĩkundi,,
serverSettingsViewOnlineRecords,View Online Records,Ona Rekodi za Mtandaoni,Ona Maandĩko ma Mũtandao-inĩ,,
serverSettingsBackUpThisGroup,Back Up This Group,Hifadhi Kikundi Hiki,Iga Gĩkundi Gĩkĩ,,
serverSettingsAccessKey,Access key,Ufunguo wa kuingia,Kĩhingũro,,
shareOutDistribute,Distribute,Gawanya,Gaĩra,,
shareOutFundToDistribute,Fund to distribute,Mfuko wa kugawanya,Mbeca cia kũgayanwo,,
shareOutSplitWelfareFundEqually,Split welfare fund equally,Gawanya mfuko wa jamii sawa,Gayania mũthithũ wa ũteithio o ũndũ ũmwe,,
shareOutNothingToShareOutYet,Nothing to share out yet,Hakuna cha kugawanya bado,Gũtirĩ kĩndũ gĩa kũgayanwo,,
visitAssessmentAssessment,Assessment,Tathmini,Gĩthimi,,
visitAssessmentFormNotAvailable,Form not available,Fomu haipatikani,Fomu ndĩrĩ ho,,
visitMentorshipMentorship,Mentorship,Ushauri,Ũtaari,,
visitMentorshipWhatDidYouCoachOn,What did you coach on?,Ulifundisha nini?,Nĩ ũndũ ũrĩkũ warutire?,,
visitMentorshipTapATopicToRecord,"Tap a topic to record it, then add what you advised.","Gusa mada ili kuirekodi, kisha andika ulichoshauri.","Hutia ũndũ nĩguo ũwandĩke, ũcooke wandĩke kĩrĩa wataarire.",,
visitMentorshipNowHandThePhoneTo,Now hand the phone to the group,Sasa mpe kikundi simu,Rĩu nengera gĩkundi thimũ,,
visitMentorshipWhatYouAdvised,What you advised,Ulichoshauri,Kĩrĩa wataarire,,
agentGroupDetailRecordAVisit,Record a visit,Rekodi ziara,Andĩka rũgendo,,
agentGroupDetailNoMembersLoaded,No members loaded.,Hakuna wanachama waliopakiwa.,Gũtirĩ amemba marutĩtwo.,,
agentGroupDetailNoMeetingsLoaded,No meetings loaded.,Hakuna mikutano iliyopakiwa.,Gũtirĩ mĩcemanio ĩrutĩtwo.,,
agentGroupDetailToImprove,To improve,Ya kuboresha,Cia kwagĩrithia,,
agentGroupDetailGovernance,Governance,Uongozi,Ũtongoria,,
agentGroupDetailVslaCompliance,VSLA compliance,Ufuataji wa kanuni za VSLA,Kũrũmĩrĩra mawatho ma VSLA,,
recordFineReason,Reason,Sababu,Gĩtũmi,,
recordFineSpecifyReason,Specify reason,Eleza sababu,Taarĩria gĩtũmi,,
addMemberAddMember,Add Member,Ongeza Mwanachama,Ongerera Mũmemba,,
addMemberRegisterMember,Register Member,Sajili Mwanachama,Andĩkithia Mũmemba,,
addMemberFullName,Full Name,Jina Kamili,Rĩĩtwa Rĩothe,,
addMemberPhoneOptional,Phone (optional),Simu (si lazima),Thimũ (ti bata),,
addMemberRole,Role,Nafasi,Nafathi,,
editMemberEditMember,Edit member,Badilisha mwanachama,Garũra mũmemba,,
editMemberFullName,Full name,Jina kamili,Rĩĩtwa rĩothe,,
membersRequestsToJoin,Requests to join,Maombi ya kujiunga,Mahooya ma kwĩyũnganĩria,,
membersSearchMembers,Search members,Tafuta wanachama,Caria amemba,,
membersNoMembersFound,No members found,Hakuna mwanachama aliyepatikana,Gũtirĩ mũmemba wonekire,,
meetingSecurity3KeyUnlockBeforeMeetings,3-key unlock before meetings,Funguo 3 kabla ya mikutano,Cabi 3 mbere ya mĩcemanio,,
meetingSecurityKeepPin,Keep PIN,Baki na PIN,Tiga PIN,,
meetingSecurityReset,Reset,Weka upya,Cookia rĩngĩ,,
agentReportCaseloadReport,Caseload Report,Ripoti ya Vikundi,Ripoti ya Ikundi,,
agentReportShareReport,Share Report,Shiriki Ripoti,Gaĩra Ripoti,,
agentReportNeedsSupport,Needs support,Kinahitaji msaada,Ĩrabatara ũteithio,,
agentReportNoRating,No rating,Hakuna kiwango,Gũtirĩ gĩthimi,,
agentReportNoGroupsYet,No groups yet,Hakuna vikundi bado,Gũtirĩ ikundi,,
groupReportNoGroupYet,No group yet,Hakuna kikundi bado,Gũtirĩ gĩkundi,,
groupReportSetUpYourGroupFirst,"Set up your group first, then come back for a report.","Sajili kikundi chako kwanza, kisha urudi kwa ripoti.","Thondeka gĩkundi gĩaku mbere, ũcooke ũũke kũrĩ ripoti.",,
groupReportNoMembersYet,No members yet,Hakuna wanachama bado,Gũtirĩ amemba,,
groupReportMembersAppearHereOnceThey,Members appear here once they join the group.,Wanachama huonekana hapa wanapojiunga na kikundi.,Amemba monekaga haha maarĩkia kwĩyũnganĩria na gĩkundi.,,
memberReportLocalMemberReport,Member Report,Ripoti ya Mwanachama,Ripoti ya Mũmemba,,
memberReportLocalMemberNotFound,Member not found,Mwanachama hakupatikana,Mũmemba ndonekire,,
memberReportLocalThisMemberIsNoLonger,This member is no longer in the group.,Mwanachama huyu hayupo tena kwenye kikundi.,Mũmemba ũyũ ndarĩ gĩkundi-inĩ rĩngĩ.,,
memberReportLocalLoansThisMemberTakesWill,Loans this member takes will appear here.,Mikopo atakayochukua mwanachama huyu itaonekana hapa.,Mĩkopo ĩrĩa mũmemba ũyũ akoya nĩĩkonekaga haha.,,
externalLoanApplyApplyForALoan,Apply for a Loan,Omba Mkopo,Hooya Mũkopo,,
externalLoanApplySubmitApplication,Submit Application,Wasilisha Ombi,Tũma Ihooya,,
externalLoanApplyWhatIsTheLoanFor,What is the loan for?,Mkopo ni wa nini?,Mũkopo nĩ wa ũndũ ũrĩkũ?,,
externalLoanApplyEGBuyingMaizeSeed,e.g. Buying maize seed for the season,mfano: kununua mbegu za mahindi kwa msimu,ta: kũgũra mbegũ cia mbembe cia kĩmera,,
meetingsNoMeetingsYet,No meetings yet,Hakuna mikutano bado,Gũtirĩ mĩcemanio,,
repaymentRecordRepayment,Record Repayment,Rekodi Marejesho,Andĩka Irĩhi,,
repaymentNoOutstandingLoansNothingTo,No outstanding loans — nothing to repay. 🎉,Hakuna mkopo unaodaiwa — hakuna cha kurejesha. 🎉,Gũtirĩ mũkopo ũrĩ na thiirĩ — gũtirĩ kĩa kũrĩhwo. 🎉,,
repaymentSelectLoan,Select Loan,Chagua Mkopo,Thuura Mũkopo,,
moreWhoIsSignedInLanguage,"Who is signed in, language, appearance and app details","Aliyeingia, lugha, mwonekano na maelezo ya programu","Ũrĩa ũtoonyete, rũthiomi, mũonekere na ũhoro wa app",,
moreIntelliCash,Intelli-Cash,Intelli-Cash,Intelli-Cash,,
mySavingsMySavings,My Savings,Akiba Yangu,Ũigi Wakwa,,
mySavingsOnceAGroupAcceptsYou,"Once a group accepts you, your savings will show here.","Kikundi kikikukubali, akiba yako itaonekana hapa.","Gĩkundi kĩngĩgwĩtĩkĩra, ũigi waku nĩũkonekaga haha.",,
buySharesEnterCodeByHand,Enter Code by Hand,Weka Msimbo kwa Mkono,Andĩka Kĩmenyithia na Guoko,,
buySharesRecordPurchase,Record Purchase,Rekodi Ununuzi,Andĩka Ũgũri,,
sharesLedgerNoPurchasesYet,No purchases yet,Hakuna ununuzi bado,Gũtirĩ ũgũri,,
socialFundThisMeetingIsClosedThe,This meeting is closed — the record is read-only.,Mkutano huu umefungwa — rekodi ni ya kusoma tu.,Mũcemanio ũyũ nĩmũhinge — maandĩko no ma gũthomwo tu.,,
socialFundNoMembers,No members,Hakuna wanachama,Gũtirĩ amemba,,
socialFundAddMembersToTheGroup,Add members to the group first.,Ongeza wanachama kwenye kikundi kwanza.,Ongerera amemba gĩkundi-inĩ mbere.,,
welcomeUseTheWebConsoleFor,Use the web console for this account,Tumia tovuti kwa akaunti hii,Hũthĩra ĩntaneti kũrĩ akaũnti ĩno,,
welcomeLoadYourGroupOntoThis,Load your group onto this phone,Pakia kikundi chako kwenye simu hii,Ruta gĩkundi gĩaku thimũ-inĩ ĩno,,
memberReportsTapAMemberToSee,Tap a member to see and share their report.,Gusa mwanachama ili kuona na kushiriki ripoti yake.,Hutia mũmemba nĩguo wone na ũgaĩre ripoti yake.,,
openActionItemsNothingOutstanding,Nothing outstanding,Hakuna lililobaki,Gũtirĩ kĩrĩa gĩtigarĩte,,
openActionItemsThisGroupHasNoOpen,This group has no open actions from previous visits.,Kikundi hiki hakina kazi zilizobaki kutoka ziara zilizopita.,Gĩkundi gĩkĩ gĩtirĩ na wĩra ũtigarĩte kuuma ngendo iria ciathirire.,,
openActionItemsFromTheLastVisit,From the last visit,Kutoka ziara iliyopita,Kuuma rũgendo rũrĩa rwa mũico,,
loanDetailNoRepaymentsYet,No repayments yet,Hakuna marejesho bado,Gũtirĩ marĩhi,,
attendanceAttendance,Attendance,Mahudhurio,Ũkinyu,,
attendanceContinueToMeeting,Continue to Meeting,Endelea kwenye Mkutano,Thiĩ na mbere Mũcemanio-inĩ,,
appearanceChooseHowIntelliCashLooks,Choose how Intelli-Cash looks on this phone.,Chagua jinsi Intelli-Cash inavyoonekana kwenye simu hii.,Thuura ũrĩa Intelli-Cash ĩkuoneka thimũ-inĩ ĩno.,,
gatewayPaymentOpenThisLinkToPay,Open this link to pay:,Fungua kiungo hiki kulipa:,Hingũra kĩohanio gĩkĩ ũrĩhe:,,
numericKeypadDelete,Delete,Futa,Theria,,
agentHomeWhenGroupsAreAssignedToYou,"When groups are assigned to you, they appear here with their credit rating.","Vikundi vikikabidhiwa kwako, vitaonekana hapa pamoja na kiwango chao cha mkopo.","Ikundi ciangĩneanwo kũrĩ we, nĩikonekaga haha hamwe na gĩthimi kĩao kĩa mũkopo.",,
dashboardTheSavingsCurveAppearsAfterYour,The savings curve appears after your first two meetings.,Mchoro wa akiba huonekana baada ya mikutano yako miwili ya kwanza.,Mũharo wa ũigi ũronekaga thutha wa mĩcemanio yaku ĩĩrĩ ya mbere.,,
disburseLoanThisMemberHasNoBorrowingHeadroom,This member has no borrowing headroom — savings must grow or the current loan must reduce first.,Mwanachama huyu hana nafasi ya kukopa — akiba lazima iongezeke au mkopo wa sasa upungue kwanza.,Mũmemba ũyũ ndarĩ na ũhoti wa kũhooya mũkopo — ũigi no mũhaka wongerereke kana mũkopo ũrĩa arĩ naguo ũnyihanyiihe mbere.,,
disburseLoanTheLoanFundIsEmptyCollect,The loan fund is empty. Collect share purchases or loan repayments before lending again.,Mfuko wa mikopo ni tupu. Kusanya ununuzi wa hisa au marejesho ya mikopo kabla ya kukopesha tena.,Mũthithũ wa mĩkopo nĩ ũtheri. Ũnganĩria ũgũri wa hisa kana marĩhi ma mĩkopo mbere ya gũkombithania rĩngĩ.,,
loanDetailRepaymentsAreRecordedInsideMeetingsAnd,Repayments are recorded inside meetings and appear here instantly.,Marejesho hurekodiwa ndani ya mikutano na huonekana hapa mara moja.,Marĩhi mandĩkagwo thĩinĩ wa mĩcemanio na monekaga haha o rĩmwe.,,
loansLoansAreDisbursedInsideAMeeting,Loans are disbursed inside a meeting — open a meeting and use Disburse Loan.,Mikopo hutolewa ndani ya mkutano — fungua mkutano kisha tumia Toa Mkopo.,Mĩkopo ĩheanagwo thĩinĩ wa mũcemanio — hingũra mũcemanio ũcooke ũhũthĩre Heana Mũkopo.,,
gatewayPaymentRequestSentAskTheMemberTo,Request sent. Ask the member to enter their M-Pesa PIN on their phone.,Ombi limetumwa. Mwambie mwanachama aweke PIN yake ya M-Pesa kwenye simu yake.,Ihooya nĩrĩatũmwo. Ĩra mũmemba ekĩre PIN yake ya M-Pesa thimũ-inĩ yake.,,
meetingHubThisMeetingIsClosedItsRecords,This meeting is closed. Its records are read-only and form part of the audit trail.,Mkutano huu umefungwa. Rekodi zake ni za kusoma tu na ni sehemu ya kumbukumbu za ukaguzi.,Mũcemanio ũyũ nĩmũhinge. Maandĩko maguo no ma gũthomwo tu na nĩ gĩcunjĩ kĩa ũrorio.,,
meetingHubAllRecordsInThisMeetingWill,All records in this meeting will be locked permanently. This cannot be undone.,Rekodi zote za mkutano huu zitafungwa milele. Hili haliwezi kutenguliwa.,Maandĩko mothe ma mũcemanio ũyũ nĩmakũhingwo nginya tene. Ũndũ ũyũ ndũngĩcookererio.,,
meetings3KeyUnlockIsOnOfficials,3-key unlock is on: officials confirm their PINs before the meeting opens.,Funguo 3 zimewashwa: viongozi huthibitisha PIN zao kabla mkutano kufunguliwa.,Cabi 3 nĩ ciarutithio wĩra: atongoria nĩmakũhingĩria PIN ciao mbere ya mũcemanio kũhingũrwo.,,
meetingsStartYourFirstMeetingToRecord,"Start your first meeting to record attendance, savings, fines and loans.","Anzisha mkutano wako wa kwanza ili kurekodi mahudhurio, akiba, faini na mikopo.","Ambĩrĩria mũcemanio waku wa mbere nĩguo wandĩke ũkinyu, ũigi, faini na mĩkopo.",,
meetingsClosedMeetingsAreLockedTheirRecords,Closed meetings are locked — their records form the group\'s permanent audit trail.,Mikutano iliyofungwa imefungwa — rekodi zake ni kumbukumbu za kudumu za kikundi.,Mĩcemanio ĩrĩa ĩhinge nĩ ĩhingĩre — maandĩko mayo nĩmo ũrorio wa gĩkundi wa nginya tene.,,
sharesLedgerSharePurchasesLandHereTheMoment,Share purchases land here the moment they are recorded.,Ununuzi wa hisa huonekana hapa mara tu unaporekodiwa.,Ũgũri wa hisa ũronekaga haha o rĩrĩa wandĩkwo.,,
joinGroupYourGroupHasACodeOn,Your group has a code on its records — ask the secretary if you do not know it. Sending a request does not open the group\'s books to you; an official has to accept you first.,Kikundi chako kina msimbo kwenye rekodi zake — muulize katibu kama hukijui. Kutuma ombi hakukufungulii vitabu vya kikundi; kiongozi lazima akukubali kwanza.,Gĩkundi gĩaku kĩrĩ na kĩmenyithia maandĩko-inĩ makĩo — ũria mwandĩki angĩkorũo ndũũĩ. Gũtũma ihooya gũtikũhingũragĩra mabuku ma gĩkundi; mũtongoria no mũhaka akwĩtĩkĩre mbere.,,
memberPassbookAskYourGroupToAddYou,Ask your group to add you and your savings will show up here.,Omba kikundi chako kikuongeze na akiba yako itaonekana hapa.,Hooya gĩkundi gĩaku gĩkuongerere na ũigi waku nĩũkonekaga haha.,,
editMemberCorrectingASpellingOrAMistyped,"Correcting a spelling or a mistyped number. Their savings, loans and attendance stay exactly as they are.","Kurekebisha herufi au namba iliyokosewa. Akiba, mikopo na mahudhurio yao hubaki kama yalivyo.","Kũrũngĩrĩria ndemwa kana namba ĩrĩa ĩhĩtĩtie. Ũigi, mĩkopo na ũkinyu wake ũtigwo o ũrĩa ũrĩ.",,
joinRequestsTheyWillNotBeAddedTo,They will not be added to the group. You can say why if you want to — it is not required.,Hataongezwa kwenye kikundi. Unaweza kueleza sababu ukitaka — si lazima.,Ndegũongererwo gĩkundi-inĩ. No woige gĩtũmi ũngĩenda — ti bata.,,
joinRequestsThisListIsOutOfDate,"This list is out of date. Pull down to refresh, then check the answer again.","Orodha hii si ya sasa. Vuta chini ili kuonyesha upya, kisha angalia jibu tena.","Rũtaratara rũrũ ti rwa rĩu. Guucia na thĩ nĩguo rwerũhio, ũcooke ũrore macookio rĩngĩ.",,
joinRequestsWhenSomeoneAsksToJoinYour,"When someone asks to join your group, their request will show up here for you to answer.","Mtu akiomba kujiunga na kikundi chako, ombi lake litaonekana hapa ili ulijibu.","Mũndũ angĩhooya kwĩyũnganĩria na gĩkundi gĩaku, ihooya rĩake nĩrĩkonekaga haha nĩguo ũrĩcookerie.",,
memberDetailToCreateASignInAccount,"To create a sign-in account, first back this group up to the cloud (More → Sync & Backup) while online.","Ili kutengeneza akaunti ya kuingia, kwanza hifadhi kikundi hiki kwenye wingu (Mangine → Sync & Backup) ukiwa mtandaoni.","Nĩguo ũthondeke akaũnti ya gũtoonya, amba wĩgĩe gĩkundi gĩkĩ matu-inĩ (Mangĩ → Sync & Backup) ũrĩ na ĩntaneti.",,
memberDetailLoansThisMemberTakesWillBe,Loans this member takes will be listed here with their live status.,Mikopo atakayochukua mwanachama huyu itaorodheshwa hapa na hali yake ya sasa.,Mĩkopo ĩrĩa mũmemba ũyũ akoya nĩĩkwandĩkwo haha hamwe na ũrĩa ĩhaana.,,
membersAddMembersWithTheButtonBelow,Add members with the button below — each gets an individual savings and loan profile.,Ongeza wanachama kwa kitufe kilicho chini — kila mmoja hupata rekodi yake ya akiba na mikopo.,Ongerera amemba na batani ĩrĩa ĩrĩ na thĩ — o ũmwe agĩaga na maandĩko make ma ũigi na mĩkopo.,,
meetingSecurityAssignAChairpersonSecretaryAndTreasurer,"Assign a chairperson, secretary and treasurer below so three officials can unlock meetings. Until then, most members\' PINs are needed instead.","Teua mwenyekiti, katibu na mweka hazina hapa chini ili viongozi watatu waweze kufungua mikutano. Hadi hapo, PIN za wanachama wengi ndizo zitahitajika.","Thuura mũtongoria, mwandĩki na mũigi mbeca haha na thĩ nĩguo atongoria atatũ mahote kũhingũra mĩcemanio. Nginya hĩndĩ ĩyo, PIN cia amemba aingĩ nĩcio ikũbatarania.",,
meetingSecurityTheOldPinStopsWorkingThe,The old PIN stops working. The member chooses a new PIN the next time they turn their key at a meeting unlock.,PIN ya zamani huacha kufanya kazi. Mwanachama huchagua PIN mpya wakati mwingine atakapotumia ufunguo wake kufungua mkutano.,PIN ya tene ĩtigaga kũruta wĩra. Mũmemba athuuraga PIN njerũ hĩndĩ ĩrĩa akũhũthĩra cabi yake kũhingũra mũcemanio.,,
moreYourGroupSSavingsAndLoans,"Your group\'s savings and loans, right on your phone. Everything is saved on this phone first and backed up online when you have internet.\n\nIntelli-Wealth Limited · intelliwealth.org","Akiba na mikopo ya kikundi chako, hapo hapo kwenye simu yako. Kila kitu huhifadhiwa kwenye simu hii kwanza, kisha hufanyiwa nakala mtandaoni ukipata intaneti.

Intelli-Wealth Limited · intelliwealth.org","Ũigi na mĩkopo ya gĩkundi gĩaku, o thimũ-inĩ yaku. Kĩndũ o gĩothe kĩigagwo thimũ-inĩ ĩno mbere, gĩcooke kĩigwo ĩntaneti-inĩ wagĩa na mũtandao.

Intelli-Wealth Limited · intelliwealth.org",,
moreNoInternetYourRecordsAreSafe,No internet — your records are safe on this phone and will back up later.,Hakuna intaneti — rekodi zako ziko salama kwenye simu hii na zitahifadhiwa baadaye.,Gũtirĩ ĩntaneti — maandĩko maku marĩ mũgitĩre thimũ-inĩ ĩno na nĩmakũigwo thutha-inĩ.,,
welcomeThePhoneAppIsForGroups,"The phone app is for groups, members and field agents. Your account does not need to create a group here — sign in on the web console instead, or sign out to use a different account.","Programu ya simu ni ya vikundi, wanachama na maafisa wa uwandani. Akaunti yako haihitaji kuunda kikundi hapa — ingia kwenye tovuti badala yake, au toka ili kutumia akaunti nyingine.","App ya thimũ nĩ ya ikundi, amemba na arũgamĩrĩri a mũgũnda. Akaũnti yaku ndĩbataire gũthondeka gĩkundi haha — toonya ĩntaneti-inĩ handũ ha ũguo, kana uma nĩguo ũhũthĩre akaũnti ĩngĩ.",,
welcomeYourGroupIsAlreadyOnThe,"Your group is already on the server. Load it here instead of creating a new one, so your savings history stays in one record.","Kikundi chako tayari kiko kwenye seva. Kipakie hapa badala ya kuunda kipya, ili historia ya akiba yako ibaki rekodi moja.","Gĩkundi gĩaku nĩ kĩrĩ cheba-inĩ. Kĩrute haha handũ ha gũthondeka kĩngĩ, nĩguo ũhoro wa ũigi waku ũtige ũrĩ handũ hamwe.",,
agentReportWhenGroupsAreAssignedToYou,"When groups are assigned to you, their report appears here.","Vikundi vikikabidhiwa kwako, ripoti yake itaonekana hapa.","Ikundi ciangĩneanwo kũrĩ we, ripoti yacio nĩyonekaga haha.",,
groupReportFiguresFromThisPhoneOnlyWork,Figures from this phone only - work saved on other phones may not be included yet.,Takwimu za simu hii pekee - kazi iliyohifadhiwa kwenye simu nyingine huenda bado haijajumuishwa.,Namba cia thimũ ĩno tu - wĩra ũrĩa ũigĩtwo thimũ ingĩ no ũkorũo ũtarĩ thĩinĩ.,,
groupReportFromThisPhoneOnlyWorkSaved,From this phone only. Work saved on other phones may not be included yet.,Kutoka simu hii pekee. Kazi iliyohifadhiwa kwenye simu nyingine huenda bado haijajumuishwa.,Kuuma thimũ ĩno tu. Wĩra ũrĩa ũigĩtwo thimũ ingĩ no ũkorũo ũtarĩ thĩinĩ.,,
memberReportLocalFiguresFromThisPhoneOnlyRecords,Figures from this phone only - records saved elsewhere may not be included yet.,Takwimu za simu hii pekee - rekodi zilizohifadhiwa kwingine huenda bado hazijajumuishwa.,Namba cia thimũ ĩno tu - maandĩko marĩa maigĩtwo kũndũ kũngĩ no makorũo matarĩ thĩinĩ.,,
mySavingsWhatYouOweIsCountedFor,What you owe is counted for each group on its own. Paying extra in one group does not reduce what you owe in another.,Deni lako huhesabiwa kwa kila kikundi peke yake. Kulipa zaidi katika kikundi kimoja hakupunguzi deni lako katika kingine.,Thiirĩ waku ũtaragwo o gĩkundi kĩrĩ kĩnyiki. Kũrĩha makĩria gĩkundi-inĩ kĩmwe gũtinyihagia thiirĩ waku gĩkundi-inĩ kĩngĩ.,,
groupSyncThisClearsTheLocalBackendMapping,This clears the local↔backend mapping. Already-synced records stay on the server; nothing is deleted.,Hii huondoa uhusiano kati ya simu na seva. Rekodi zilizokwisha sawazishwa hubaki kwenye seva; hakuna kinachofutwa.,Ũndũ ũyũ nĩũtheragia kĩohanio gatagatĩ ka thimũ na cheba. Maandĩko marĩa marĩkĩtie kũiganania matigagwo cheba-inĩ; gũtirĩ kĩndũ gĩgũtherio.,,
groupSyncConnectToTheIntellicashBackendBefore,Connect to the IntelliCash backend before linking and syncing this group.,Unganisha kwenye seva ya IntelliCash kabla ya kuunganisha na kusawazisha kikundi hiki.,Ohania na cheba ya IntelliCash mbere ya kuohania na kũiganania gĩkundi gĩkĩ.,,
groupSyncLinkingMatchesYourLocalMembersTo,"Linking matches your local members to the backend roster by phone, then name. Unmatched members can be linked by hand afterwards.","Kuunganisha hulinganisha wanachama wa simu hii na orodha ya seva kwa namba ya simu, kisha kwa jina. Wasiolingana wanaweza kuunganishwa kwa mkono baadaye.","Kuohania kũringithanagia amemba a thimũ ĩno na rũtaratara rwa cheba na namba ya thimũ, gũcooka na rĩĩtwa. Arĩa matarĩngithanie no maohanio na guoko thutha-inĩ.",,
groupSyncTheseLocalMembersHaveNoBackend,These local members have no backend match. Link them before their transactions can sync.,Wanachama hawa wa simu hii hawana wenzao kwenye seva. Waunganishe kabla miamala yao haijaweza kusawazishwa.,Amemba aya a thimũ ĩno matirĩ arĩa maringaine nao cheba-inĩ. Maohanie mbere ya maũndũ mao kũiganania.,,
groupSyncUploadsAttendanceAndLedgerSharesSocial,"Uploads attendance and ledger (shares, social fund, loans, repayments) for every closed meeting. Safe to re-run — already synced records are skipped. Fines and meeting sealing come in a later phase.","Hupakia mahudhurio na daftari (hisa, mfuko wa jamii, mikopo, marejesho) kwa kila mkutano uliofungwa. Ni salama kurudia — rekodi zilizokwisha sawazishwa huachwa. Faini na kufunga mikutano huja katika hatua ijayo.","Ĩtwaraga ũkinyu na ibuku (hisa, mũthithũ wa ũteithio, mĩkopo, marĩhi) rĩa o mũcemanio ũrĩa ũhinge. Nĩ mwega gũcookera — maandĩko marĩa marĩkĩtie kũiganania nĩmatigagwo. Faini na kũhinga mĩcemanio ikinyaga thutha-inĩ.",,
serverSettingsAskYourGroupAdministratorForAn,"Ask your group administrator for an access key, then paste it here. It only lets this phone see and record your group\'s savings, loans and meetings.","Omba msimamizi wa kikundi chako ufunguo wa kuingia, kisha ubandike hapa. Unaruhusu simu hii kuona na kurekodi akiba, mikopo na mikutano ya kikundi chako tu.","Hooya mũrori wa gĩkundi gĩaku kĩhingũro, ũcooke ũgĩkĩre haha. Kĩrekagĩria thimũ ĩno kuona na kwandĩka ũigi, mĩkopo na mĩcemanio ya gĩkundi gĩaku tu.",,
cyclesPullDownToTryAgainIf,"Pull down to try again. If it keeps happening, check the group is still selected under Cloud Account.","Vuta chini ujaribu tena. Ikiendelea, hakikisha kikundi bado kimechaguliwa chini ya Akaunti ya Wingu.","Guucia na thĩ ũgerie rĩngĩ. Ũngĩthiĩ na mbere, rora kana gĩkundi no kĩthuurĩtwo harĩ Akaũnti ya Matu.",,
cyclesClosingACycleMakesItsRecords,Closing a cycle makes its records read-only. Nothing is deleted — past meetings and money stay in history and reports.,Kufunga mzunguko hufanya rekodi zake ziwe za kusoma tu. Hakuna kinachofutwa — mikutano na fedha zilizopita hubaki kwenye historia na ripoti.,Kũhinga mũthiũrũrũko gũtũmaga maandĩko maguo makorũo ma gũthomwo tu. Gũtirĩ kĩndũ gĩgũtherio — mĩcemanio na mbeca cia tene itigagwo ũhoro-inĩ na ripoti-inĩ.,,
cyclesYouCanSeeTheCyclesBut,You can see the cycles but not close one. Only the group account or a platform admin can.,Unaweza kuona mizunguko lakini huwezi kufunga. Ni akaunti ya kikundi au msimamizi wa jukwaa pekee anayeweza.,No wone mĩthiũrũrũko no ndũngĩhota kũhinga. Nĩ akaũnti ya gĩkundi kana mũrori wa kĩoneki tu ũngĩhota.,,
groupPolicyAppliesToNewLoansLoansAlready,Applies to new loans. Loans already given keep the term they were agreed with — changing this never changes what a member already owes.,Hutumika kwa mikopo mipya. Mikopo iliyokwisha tolewa hubaki na muda iliokubaliwa — kubadilisha hili hakubadilishi deni la mwanachama.,Ũhũthĩkaga harĩ mĩkopo mĩerũ. Mĩkopo ĩrĩa ĩrĩkĩtie kũheanwo ĩtigagwo na ihinda rĩrĩa rĩetĩkanĩirio — kũgarũra ũndũ ũyũ gũtigarũraga thiirĩ ũrĩa mũmemba arĩ naguo.,,
groupPolicyFlatOnTheAmountBorrowedEach,"Flat on the amount borrowed each month — it does not fall as the member repays, and it stops at the end of the agreed term. Zero is fine: many groups lend interest-free. Each loan keeps the rate it was made at, so changing this never reprices money already lent.","Ni kiwango kimoja juu ya kiasi kilichokopwa kila mwezi — hakipungui mwanachama anapolipa, na huisha mwisho wa muda uliokubaliwa. Sifuri ni sawa: vikundi vingi hukopesha bila riba. Kila mkopo hubaki na riba uliotolewa nayo, kwa hivyo kubadilisha hili hakubadilishi fedha zilizokwisha kopeshwa.","Nĩ gĩthimi kĩmwe harĩ mbeca iria ciakombirwo o mweri — gĩtinyihanyiihaga mũmemba akĩrĩha, na gĩthiraga mũthia wa ihinda rĩrĩa rĩetĩkanĩirio. Naili nĩ wega: ikundi nyingĩ ikombithanagia hatarĩ ũcuuthi. O mũkopo ũtigagwo na ũcuuthi ũrĩa waheanirwo naguo, nĩ ũndũ ũcio kũgarũra ũndũ ũyũ gũtigarũraga mbeca iria ciarĩkĩtie gũkombithanio.",,
groupPolicyYouCanSeeTheseRulesBut,You can see these rules but not change them. Only the group account or a platform admin can.,Unaweza kuona sheria hizi lakini huwezi kuzibadilisha. Ni akaunti ya kikundi au msimamizi wa jukwaa pekee anayeweza.,No wone mawatho maya no ndũngĩhota kũmagarũra. Nĩ akaũnti ya gĩkundi kana mũrori wa kĩoneki tu ũngĩhota.,,
groupPolicyUnpaidFinesAndWelfareAreTaken,Unpaid fines and welfare are taken off a member\'s share-out payout — they never stop a member from sharing out.\n\nOutstanding loans are taken off at share-out and are never carried into the next cycle.,"Faini na michango ya jamii ambayo haijalipwa hukatwa kwenye mgao wa mwanachama — kamwe hazimzuii mwanachama kushiriki mgao.

Mikopo ambayo haijalipwa hukatwa wakati wa mgao na kamwe haipelekwi mzunguko unaofuata.","Faini na mbeca cia ũteithio iria itarĩhĩtwo iruthagio kuuma kĩgayo-inĩ kĩa mũmemba — itingĩgiria mũmemba kũgayana.

Mĩkopo ĩrĩa ĩtarĩhĩtwo ĩruthagio hĩndĩ ya kũgayana na ndĩtwaragwo mũthiũrũrũko-inĩ ũrĩa ũngĩ.",,
paymentProvidersMPesaClassicNeedsNothingHere,M-Pesa Classic needs nothing here — the member types in the transaction code from their phone.,M-Pesa Classic haihitaji chochote hapa — mwanachama huandika msimbo wa muamala kutoka simu yake.,M-Pesa Classic ndĩbataire kĩndũ haha — mũmemba nĩwe wandĩkaga kĩmenyithia kĩa muamala kuuma thimũ-inĩ yake.,,
paymentProvidersYouCanSeeThisButNot,You can see this but not change it. Only the group account or a platform admin can move where money is received.,Unaweza kuona hili lakini huwezi kulibadilisha. Ni akaunti ya kikundi au msimamizi wa jukwaa pekee anayeweza kuhamisha mahali fedha zinapopokelewa.,No wone ũndũ ũyũ no ndũngĩhota kũũgarũra. Nĩ akaũnti ya gĩkundi kana mũrori wa kĩoneki tu ũngĩhota kũgarũra harĩa mbeca ciamũkĩragĩrwo.,,
welfareYouAreOfflineWelfarePaymentsAre,You are offline. Welfare payments are recorded on the server so the fund cannot be overspent by two phones at once — reconnect to record one.,Huna mtandao. Malipo ya jamii hurekodiwa kwenye seva ili mfuko usitumike kupita kiasi na simu mbili kwa wakati mmoja — unganisha ili kurekodi.,Ndũrĩ na mũtandao. Marĩhi ma ũteithio mandĩkagwo cheba-inĩ nĩguo mũthithũ ndũkahũthĩrwo makĩria nĩ thimũ igĩrĩ hamwe — ohania nĩguo wandĩke.,,
welfareNoMeetingIsOpenWelfareIs,"No meeting is open. Welfare is paid out during a meeting, in front of the members — open one first, then record it there.","Hakuna mkutano ulio wazi. Fedha za jamii hulipwa wakati wa mkutano, mbele ya wanachama — fungua mkutano kwanza, kisha rekodi hapo.","Gũtirĩ mũcemanio ũhingũre. Mbeca cia ũteithio irĩhagwo hĩndĩ ya mũcemanio, mbere ya amemba — hingũra mũcemanio mbere, ũcooke wandĩke ho.",,
shareOutMembersHavenTBoughtSharesThis,"Members haven\'t bought shares this cycle. Run meetings and collect shares first, then come back to distribute the fund.","Wanachama hawajanunua hisa mzunguko huu. Endesha mikutano na kusanya hisa kwanza, kisha urudi kugawanya mfuko.","Amemba matigũrĩte hisa mũthiũrũrũko-inĩ ũyũ. Rutithia mĩcemanio na ũũnganĩrie hisa mbere, ũcooke ũũke kũgayana mbeca.",,
externalLoanApplyCreditRatingUnavailableTheLenderChecks,Credit rating unavailable — the lender checks it when reviewing your application.,Kiwango cha mkopo hakipatikani — mkopeshaji hukiangalia anapopitia ombi lako.,Gĩthimi kĩa mũkopo gĩtirĩ ho — mũkombithania nĩwe ũgĩroraga akĩrora ihooya rĩaku.,,
externalLoansCheckBackLaterPartnersAddNew,Check back later — partners add new loan offers from time to time.,Rudi baadaye — washirika huongeza mikopo mipya mara kwa mara.,Cooka thutha-inĩ — athiritũ mongereragĩra mĩkopo mĩerũ hĩndĩ na hĩndĩ.,,
externalLoansExternalLoansLoadFromTheIntelli,External loans load from the Intelli-Cash backend. Connect or sign in first.,Mikopo ya nje hupakiwa kutoka seva ya Intelli-Cash. Unganisha au ingia kwanza.,Mĩkopo ya nja ĩrutagwo cheba-inĩ ya Intelli-Cash. Ohania kana ũtoonye mbere.,,
storeFarmSolarHouseholdAndBusinessProducts,"Farm, solar, household and business products — priced by your group\'s credit rating.","Bidhaa za shamba, sola, nyumbani na biashara — bei kulingana na kiwango cha mkopo cha kikundi chako.","Indo cia mũgũnda, riũa, nyũmba na wonjoria — thogora kũringana na gĩthimi kĩa mũkopo kĩa gĩkundi gĩaku.",,
storeIntelliStoresLoadsFromTheIntelli,Intelli-Stores loads from the Intelli-Cash backend. Connect or sign in first.,Intelli-Stores hupakiwa kutoka seva ya Intelli-Cash. Unganisha au ingia kwanza.,Intelli-Stores ĩrutagwo cheba-inĩ ya Intelli-Cash. Ohania kana ũtoonye mbere.,,
businessProfileTheGroupSOwnEnterpriseNot,"The group\'s own enterprise, not a member\'s. Leave blank if they do not run one.","Biashara ya kikundi chenyewe, si ya mwanachama. Acha wazi kama hawana.","Wonjoria wa gĩkundi kĩene, ti wa mũmemba. Tiga hatarĩ kĩndũ mangĩkorũo matarĩ naguo.",,
businessProfileThisVisitHasNotSyncedYet,"This visit has not synced yet, so the figures are saved against the group but not against this visit.","Ziara hii bado haijasawazishwa, kwa hivyo takwimu zimehifadhiwa kwa kikundi lakini si kwa ziara hii.","Rũgendo rũrũ rũtirĩ rwaiganania, nĩ ũndũ ũcio namba ciigĩtwo harĩ gĩkundi no ti harĩ rũgendo rũrũ.",,
businessProfileSavedAgainstThisVisitSoNext,"Saved against this visit, so next time you can see what changed.","Imehifadhiwa kwa ziara hii, ili wakati ujao uone kilichobadilika.","Nĩ ciigĩtwo harĩ rũgendo rũrũ, nĩguo hĩndĩ ĩngĩ wone kĩrĩa kĩagarũrũkire.",,
recordVisitAVisitCanStillBeRecorded,"A visit can still be recorded without a location. Whether it matches this group is decided by the office, not here.","Ziara bado inaweza kurekodiwa bila mahali. Kama inalingana na kikundi hiki huamuliwa na ofisi, si hapa.","Rũgendo no rũngĩandĩkwo o na hatarĩ handũ. Kana nĩrũringaine na gĩkundi gĩkĩ gũtuagwo nĩ ofisi, ti haha.",,
recordVisitRecordWhatYouCoachedOnThen,"Record what you coached on, then let the group score it.","Rekodi ulichofundisha, kisha waache kikundi kikipime.","Andĩka kĩrĩa warutire, ũcooke ũreke gĩkundi gĩgĩthime.",,
visitAssessmentNoAssessmentFormHasBeenDownloaded,"No assessment form has been downloaded yet. Connect once to fetch it, then it works offline.","Hakuna fomu ya tathmini iliyopakuliwa bado. Unganisha mara moja ili kuipata, kisha itafanya kazi bila mtandao.","Gũtirĩ fomu ya gĩthimi ĩrutĩtwo. Ohania riita rĩmwe nĩguo ũmĩrute, ĩcooke ĩrute wĩra hatarĩ mũtandao.",,
visitMentorshipNotScoredYetAVisitCan,"Not scored yet. A visit can be recorded without it, but the group\'s view is the only useful measure of the coaching.","Bado haijapimwa. Ziara inaweza kurekodiwa bila hii, lakini maoni ya kikundi ndiyo kipimo pekee muhimu cha ushauri.","Rũtirĩ rwathimwo. Rũgendo no rũngĩandĩkwo hatarĩ ũguo, no mawoni ma gĩkundi nĩmo gĩthimi kĩrĩa kĩrĩ bata kĩa ũtaari.",,
createPollNoMembersLoadedForThisGroup,No members loaded for this group yet. Connect and open the group first.,Hakuna wanachama waliopakiwa kwa kikundi hiki bado. Unganisha na ufungue kikundi kwanza.,Gũtirĩ amemba marutĩtwo gĩkundi gĩkĩ. Ohania na ũhingũre gĩkundi mbere.,,
createPollNobodySeesWhoVotedForWhat,Nobody sees who voted for what. The counts are still shown to everyone.,Hakuna anayeona nani alipiga kura kwa nini. Idadi bado huonyeshwa kwa kila mtu.,Gũtirĩ mũndũ ũkuona nũũ watuire kũrĩ ũ. Namba nĩcionagio andũ othe.,,
pollDetailNoMoreVotesCanBeCast,"No more votes can be cast after this, and the result is written into the group records. This cannot be undone.","Hakuna kura zaidi zitakazopigwa baada ya hii, na matokeo huandikwa kwenye rekodi za kikundi. Hili haliwezi kutenguliwa.","Gũtirĩ itua rĩngĩ rĩgũtuo thutha wa ũyũ, na macookio mandĩkagwo maandĩko-inĩ ma gĩkundi. Ũndũ ũyũ ndũngĩcookererio.",,
pollDetailClosingCountsTheVotesAndWrites,Closing counts the votes and writes the result into the group records.,Kufunga huhesabu kura na kuandika matokeo kwenye rekodi za kikundi.,Kũhinga gũtaraga itua na gũkandĩka macookio maandĩko-inĩ ma gĩkundi.,,
pollDetailYouHaveVotedThisIsA,"You have voted. This is a secret ballot, so your choice is not shown to anyone.","Umepiga kura. Hii ni kura ya siri, kwa hivyo chaguo lako halionyeshwi kwa mtu yeyote.","Nĩwatua. Rĩrĩ nĩ itua rĩa hitho, nĩ ũndũ ũcio ũthuuri waku ndwĩonagio mũndũ o na ũrĩkũ.",,
pollsElectYourLeadersAndDecideTogether,"Elect your leaders and decide together. One member, one vote.","Chagua viongozi wenu na muamue pamoja. Mwanachama mmoja, kura moja.","Thuurai atongoria anyu na mũtue hamwe. Mũmemba ũmwe, itua rĩmwe.",,
pollsTapNewVoteToElectA,Tap New Vote to elect a leader or put a question to the group.,Gusa Kura Mpya ili kuchagua kiongozi au kuuliza kikundi swali.,Hutia Itua Rĩerũ nĩguo ũthuure mũtongoria kana ũũrie gĩkundi kĩũria.,,
pollsVotingIsKeptOnTheIntelli,Voting is kept on the Intelli-Cash backend so every member sees the same tally. Connect or sign in first.,Kura huhifadhiwa kwenye seva ya Intelli-Cash ili kila mwanachama aone idadi ile ile. Unganisha au ingia kwanza.,Itua ciigagwo cheba-inĩ ya Intelli-Cash nĩguo o mũmemba one namba o ĩyo. Ohania kana ũtoonye mbere.,,
unlockOpensWhen,The meeting opens when {officials} officials — or {members} members — each turn their key.,Mkutano hufunguliwa viongozi {officials} — au wanachama {members} — wanapotumia funguo zao.,Mũcemanio ũhingũragwo rĩrĩa atongoria {officials} — kana amemba {members} — mahũthĩra cabi ciao.,,
paymentProvidersStillNeeded,Not finished — still needed: {fields}. Until then money still goes to the platform account.,Haijakamilika — bado inahitajika: {fields}. Hadi hapo fedha bado huenda kwenye akaunti ya jukwaa.,Gũtirĩ kwarĩkia — no kũbataraga: {fields}. Nginya hĩndĩ ĩyo mbeca ithiaga akaũnti-inĩ ya kĩoneki.,,
welfareSharedOutExplainer,This is what gets shared out at the end of the cycle — not the total contributed. {paidOut} has been paid out so far.,Hiki ndicho kitakachogawanywa mwisho wa mzunguko — si jumla iliyochangwa. {paidOut} imelipwa hadi sasa.,Ĩno nĩyo ĩkũgayanwo mũthia wa mũthiũrũrũko — ti mbeca ciothe iria ciarutirwo. {paidOut} nĩcirĩhĩtwo nginya rĩu.,,
shareOutStartsNextCycle,"This records every payout, settles outstanding loans, and starts Cycle {cycle}. It cannot be undone.","Hii hurekodi kila malipo, humaliza mikopo iliyobaki, na huanzisha Mzunguko {cycle}. Haiwezi kutenguliwa.","Ũndũ ũyũ nĩwandĩkaga o irĩhi, ũkarĩhia mĩkopo ĩrĩa ĩtigarĩte, na ũkambĩrĩria Mũthiũrũrũko {cycle}. Ndũngĩcookererio.",,
visitAssessmentPhotoCapReached,This visit already has {max} photos.,Ziara hii tayari ina picha {max}.,Rũgendo rũrũ nĩrũrĩ na mbica {max}.,,
languageDraftBadge,draft,rasimu,rasimu,,
enterpriseNothingRecordedYet,Nothing recorded yet. Add the first business this group runs together.,Hakuna kilichoandikwa bado. Ongeza biashara ya kwanza ambayo kikundi hiki kinaendesha pamoja.,,,
enterpriseAddAnotherBusiness,Add another business,Ongeza biashara nyingine,,,
enterpriseWhatTheyNeed,What they need,Wanachohitaji,,,
enterpriseAddSomethingTheyNeed,Add something they need,Ongeza kitu wanachohitaji,,,
enterpriseEdit,Edit,Hariri,,,
enterpriseMoneyInEachMonth,Money in each month,Pesa inayoingia kila mwezi,,,
enterpriseCostsEachMonth,Costs each month,Gharama kila mwezi,,,
enterpriseWhatIsLeft,What is left,Kinachobaki,,,
enterpriseHowFarItSells,How far it sells,Inauzwa umbali gani,,,
enterpriseBuyersLastMonth,Buyers last month,Wanunuzi mwezi uliopita,,,
enterpriseWrittenAgreementWithBuyer,Written agreement with a buyer,Mkataba wa maandishi na mnunuzi,,,
enterpriseNotAsked,Not asked,Hawajaulizwa,,,
enterpriseNotRecorded,Not recorded,Haijaandikwa,,,
enterpriseYes,Yes,Ndiyo,,,
enterpriseNoInformal,"No, informal","Hapana, si rasmi",,,
enterpriseYesInWriting,"Yes, in writing","Ndiyo, kwa maandishi",,,
enterpriseUrgent,urgent,haraka,,,
enterpriseNewBusiness,New business,Biashara mpya,,,
enterpriseEditBusiness,Edit business,Hariri biashara,,,
enterpriseWhatIsItCalled,What is it called,Inaitwaje,,,
enterpriseNameHint,Poultry unit,Kitengo cha kuku,,,
enterpriseWhereTheySell,Where they sell,Wanapouza,,,
enterpriseWhereTheySellHint,"How far what they make actually travels, and how many people buy it.","Umbali ambao bidhaa zao zinafika, na watu wangapi wanazinunua.",,,
enterpriseHowFarItReaches,How far it reaches,Inafika umbali gani,,,
enterpriseHowManyBuyersLastMonth,How many buyers last month,Wanunuzi wangapi mwezi uliopita,,,
enterpriseHowTheySell,How they sell,Jinsi wanavyouza,,,
enterpriseIsThereWrittenAgreement,Is there a written agreement with a buyer,"Je, kuna mkataba wa maandishi na mnunuzi",,,
enterpriseMonthsTheySellIn,Months they sell in,Miezi wanayouza,,,
enterpriseLeaveBlankIfAllYear,Leave blank if they sell all year.,Acha wazi kama wanauza mwaka mzima.,,,
enterpriseWhatDoesThisBusinessNeed,What does this business need?,Biashara hii inahitaji nini?,,,
enterpriseHowUrgentIsIt,How urgent is it?,Ni ya haraka kiasi gani?,,,
enterpriseAskGroupToRank,Ask the group how they would rank it.,Uliza kikundi wangeipanga vipi.,,,
enterpriseAdd,Add,Ongeza,,,
enterpriseSave,Save,Hifadhi,,,
enterpriseSaving,Saving…,Inahifadhi…,,,
enterpriseSaved,Saved.,Imehifadhiwa.,,,
enterpriseCouldNotLoad,Could not load. You need a connection for this one.,Haikuweza kupakia. Unahitaji mtandao kwa hii.,,,
enterpriseCouldNotSave,Could not save. Check your connection and try again.,Haikuweza kuhifadhi. Angalia mtandao wako na ujaribu tena.,,,
enterpriseCouldNotSaveNeed,Could not save that need. Check your connection.,Haikuweza kuhifadhi hitaji hilo. Angalia mtandao wako.,,,
enterpriseNameRequired,Give this business a name so it can be told apart.,Ipe biashara hii jina ili itofautishwe.,,,
