key,english,kiswahili_for_reference,Gikuyu_translation
appTagline,Your VSLA in your pocket,VSLA yako mfukoni mwako,
welcomeCreateAccountPrompt,Create your account to get started.,Fungua akaunti yako ili uanze.,
welcomeAccountReady,Your account is ready.,Akaunti yako iko tayari.,
createAccount,Create Account,Fungua Akaunti,
createAccountSubtitle,"New here? Set up an account for your group, yourself, or your work as an agent.","Ni mara yako ya kwanza? Fungua akaunti ya kikundi chenu, yako binafsi, au ya kazi yako kama wakala.",
signInSubtitle,I already have an Intelli-Cash account.,Tayari nina akaunti ya Intelli-Cash.,
signedInAs,Signed in as {name}.,Umeingia kama {name}.,
setUpGroup,Set up my group on this phone,Sajili kikundi changu kwenye simu hii,
setUpGroupSubtitle,"Keep your group's savings, loans and meetings — works without internet once set up.","Weka akiba, mikopo na mikutano ya kikundi chenu — hufanya kazi bila intaneti baada ya kusajili.",
whoIsThisAccountFor,Who is this account for?,Akaunti hii ni ya nani?,
pickOneLater,Pick one — you can always add more accounts later.,Chagua moja — unaweza kuongeza akaunti nyingine baadaye.,
accountTypeGroup,Our Group,Kikundi Chetu,
accountTypeGroupSubtitle,"This phone will keep our group's savings, loans and meetings.","Simu hii itatunza akiba, mikopo na mikutano ya kikundi chetu.",
accountTypeMember,Just Me,Mimi Peke Yangu,
accountTypeMemberSubtitle,"I want to see my own savings, shares and loans.","Nataka kuona akiba, hisa na mikopo yangu.",
accountTypeAgent,Field Agent,Wakala wa Ugani,
accountTypeAgentSubtitle,Village Agent or CBT — I support and monitor several groups.,Wakala wa Kijiji au CBT — nasaidia na kufuatilia vikundi kadhaa.,
change,Change,Badilisha,
yourFullName,Your full name,Jina lako kamili,
password,Password,Nenosiri,
passwordHint,At least 6 characters — keep it secret.,Angalau herufi 6 — liweke siri.,
repeatPassword,Repeat password,Rudia nenosiri,
emailOptional,Email (optional),Barua pepe (si lazima),
countyOptional,County (optional),Kaunti (si lazima),
createMyAccount,Create My Account,Fungua Akaunti Yangu,
creatingAccount,Creating account…,Inafungua akaunti…,
registerNeedsInternet,Creating an account needs an internet connection. Your phone number is your sign-in.,Kufungua akaunti kunahitaji intaneti. Nambari yako ya simu ndiyo utakayotumia kuingia.,
welcomeBack,Welcome back,Karibu tena,
signInWithPhone,Sign in with your phone number and password.,Ingia kwa nambari yako ya simu na nenosiri.,
phoneOrEmail,Phone number or email,Nambari ya simu au barua pepe,
signingIn,Signing in…,Inaingia…,
sessionNote,Your session lasts 8 hours. The group's record book keeps working offline once you are signed in.,Kipindi chako hudumu saa 8; daftari la nje ya mtandao huendelea kufanya kazi bila kuingia tena.,
sectionEndOfCycle,End of cycle,Mwisho wa mzunguko,
sectionCloudBackup,Cloud & backup,Wingu na hifadhi,
sectionAppearance,Appearance,Muonekano,
sectionAbout,About,Kuhusu,
groupSettings,Group Settings,Mipangilio ya Kikundi,
groupSettingsSubtitle,"Savings, loans and meeting days","Akiba, mikopo na siku za mikutano",
meetingSecurity,Meeting Security,Usalama wa Mkutano,
memberAccounts,Member Accounts,Akaunti za Wanachama,
memberAccountsSubtitle,Let members get their own sign-in to see their savings,Ruhusu wanachama wapate akaunti zao kuona akiba zao,
groupRules,Group Rules,Sheria za Kikundi,
groupReport,Group Report,Ripoti ya Kikundi,
groupReportSubtitle,"Money, members and meetings — share text or PDF","Pesa, wanachama na mikutano — tuma maandishi au PDF",
memberReports,Member Reports,Ripoti za Wanachama,
memberReportsSubtitle,A statement for each member — share text or PDF,Taarifa ya kila mwanachama — tuma maandishi au PDF,
shareOut,Share-Out,Mgao wa Mwisho,
shareOutSubtitle,Share the group fund back to members,Gawa pesa za kikundi kwa wanachama,
cloudAccount,Cloud Account,Akaunti ya Wingu,
syncBackup,Sync & Backup,Sawazisha na Hifadhi,
intelliStores,Intelli-Stores,Intelli-Stores,
languageSubtitle,Choose the language for this phone,Chagua lugha ya simu hii,
languageNeedsReview,This translation is still being checked by native speakers. Anything not yet translated shows in English.,Tafsiri hii bado inakaguliwa na wazungumzaji wa lugha hii. Maneno ambayo hayajatafsiriwa yataonekana kwa Kiingereza.,
shareTextButton,Share Text,Tuma Maandishi,
signedOut,Signed out.,Umetoka.,
signOutKeepsRecords,"Your group's savings, loans and meetings stay saved on this phone, but nobody can open them until you sign in again. Your phone number will be remembered.","Akiba, mikopo na mikutano ya kikundi chenu vitabaki vimehifadhiwa kwenye simu hii, lakini hakuna atakayeweza kuvifungua hadi uingie tena. Nambari yako ya simu itakumbukwa.",
signOutMemberNote,You will need to sign in again to see your savings. Your phone number will be remembered.,Utahitaji kuingia tena ili kuona akiba yako. Nambari yako ya simu itakumbukwa.,
signOutAgentNote,You will need to sign in again to see your groups. Your phone number will be remembered.,Utahitaji kuingia tena ili kuona vikundi vyako. Nambari yako ya simu itakumbukwa.,
whoIsSigningIn,Who is signing in?,Nani anaingia?,
whoIsSigningInSubtitle,"Choose the kind of account you use, then enter your phone number and password.","Chagua aina ya akaunti unayotumia, kisha weka nambari yako ya simu na nenosiri.",
welfareRecordThisPayment,Record this payment?,Rekodi malipo haya?,
welfareRecordPayment,Record payment,Rekodi malipo,
welfareCouldNotLoadTheWelfare,Could not load the welfare fund.,Imeshindwa kupakia mfuko wa jamii.,
welfareLeftInTheWelfareFund,Left in the welfare fund,Kilichobaki kwenye mfuko wa jamii,
welfareRecordAWelfarePayment,Record a welfare payment,Rekodi malipo ya jamii,
welfarePaidOutThisCycle,Paid out this cycle,Kilicholipwa mzunguko huu,
welfareNothingPaidOutYetThe,Nothing paid out yet — the whole welfare fund will be shared.,Hakuna kilicholipwa bado — mfuko wote wa jamii utagawanywa.,
welfareRecordedInMeeting,Recorded in meeting,Imerekodiwa kwenye mkutano,
welfareWhatFor,What for,Kwa ajili gani,
welfarePaidTo,Paid to,Amelipwa,
welfareAMemberAFamilyOr,"A member, a family, or a hospital — whoever received it","Mwanachama, familia au hospitali — yeyote aliyepokea",
welfareNoteOptional,Note (optional),Maelezo (si lazima),
meetingHubEditAttendance,Edit attendance,Badilisha mahudhurio,
meetingHubCloseLockMeeting,Close & Lock Meeting,Funga na Ufunge Mkutano,
meetingHubClosingLocksAllRecordsPermanently,Closing locks all records permanently.,Kufunga hufunga rekodi zote milele.,
meetingHubKeepOpen,Keep Open,Acha Wazi,
meetingHubCloseLock,Close & Lock,Funga na Ufunge,
meetingHubShareRecords,Share Records,Rekodi za Hisa,
meetingHubIntelliStore,Intelli-Store,Intelli-Store,
groupSetupWizardAddTheMembersJoiningThis,Add the members joining this cycle. You can always add more later.,Ongeza wanachama wanaojiunga na mzunguko huu. Unaweza kuongeza wengine baadaye.,
groupSetupWizardEveryoneBuysSharesAtOne,Everyone buys shares at one fixed price,Kila mtu ananunua hisa kwa bei moja isiyobadilika,
groupSetupWizardMembersSaveWhatTheyCan,Members save what they can each meeting,Wanachama huweka akiba kadri wawezavyo kila mkutano,
groupSetupWizardCycleNumber,Cycle Number,Namba ya Mzunguko,
groupSetupWizardWhichSavingsCycleIsThis,Which savings cycle is this group on?,Kikundi hiki kiko kwenye mzunguko upi wa akiba?,
groupSetupWizardShareValueKsh,Share Value (KSh),Thamani ya Hisa (KSh),
groupSetupWizardMaxSharesPerMeeting,Max Shares per Meeting,Hisa za Juu Kila Mkutano,
groupSetupWizardSocialFundPerMeetingKsh,Social Fund per Meeting (KSh),Mfuko wa Jamii Kila Mkutano (KSh),
groupSetupWizardTrackedSeparatelyFromSavings,Tracked separately from savings,Hufuatiliwa tofauti na akiba,
groupSetupWizardInterestRatePerMonth,Interest Rate (% per month),Riba (% kwa mwezi),
groupSetupWizardMaxLoanMultiplierSavings,Max Loan Multiplier (× savings),Kikomo cha Mkopo (× akiba),
groupSetupWizardDefaultLoanTermMonths,Default Loan Term (months),Muda wa Kawaida wa Mkopo (miezi),
groupSyncBackUpToCloud,Back Up to Cloud,Hifadhi Kwenye Wingu,
groupSyncUnlinkGroup,Unlink group?,Ondoa kiungo cha kikundi?,
groupSyncUnlink,Unlink,Ondoa kiungo,
groupSyncNotConnected,Not connected,Haijaunganishwa,
groupSyncOpenServerConnection,Open Server Connection,Fungua Muunganisho wa Seva,
groupSyncLink,Link,Unganisha,
groupSyncUnlinkGroup2,Unlink Group,Ondoa Kiungo cha Kikundi,
groupSyncNoBackendGroups,No backend groups,Hakuna vikundi kwenye seva,
groupSyncThisApiKeyCannotSee,This API key cannot see any groups to link to.,Ufunguo huu hauwezi kuona kikundi chochote cha kuunganisha.,
groupSyncBackendGroup,Backend group,Kikundi kwenye seva,
createPollStartAVote,Start a Vote,Anzisha Kura,
createPollEveryonePresentVotesOnceNobody,Everyone present votes once. Nobody can vote twice.,Kila aliyepo hupiga kura mara moja. Hakuna anayeweza kupiga mara mbili.,
createPollChooseALeader,Choose a leader,Chagua kiongozi,
createPollDecideSomething,Decide something,Amua jambo,
createPollTickAtLeastTwoPeople,Tick at least two people.,Chagua angalau watu wawili.,
createPollAddAnotherAnswer,Add another answer,Ongeza jibu lingine,
createPollSecretVote,Secret vote,Kura ya siri,
createPollOpenTheVote,Open the Vote,Fungua Kura,
createPollWhichPosition,Which position?,Nafasi ipi?,
createPollWhatIsTheQuestion,What is the question?,Swali ni lipi?,
createPollShouldWeBuyAGroup,Should we buy a group water tank?,"Je, tununue tanki la maji la kikundi?",
paymentProvidersLeaveABoxEmptyTo,Leave a box empty to keep what is already saved.,Acha kisanduku wazi ili kubaki na kilichohifadhiwa.,
paymentProvidersUseThePlatformAccount,Use the platform account?,Tumia akaunti ya jukwaa?,
paymentProvidersPaymentProviders,Payment Providers,Watoa Huduma za Malipo,
paymentProvidersUsePlatform,Use platform,Tumia jukwaa,
storeShopOnCredit,Shop on credit,Nunua kwa mkopo,
storeLoanOffersFromLendingPartners,Loan offers from lending partners — apply as a group.,Mikopo kutoka kwa washirika wa kukopesha — omba kama kikundi.,
storeSeeAllExternalLoans,See all external loans,Ona mikopo yote ya nje,
storeConnectToBrowseTheStore,Connect to browse the store,Unganisha ili kutazama duka,
storeOpenCloudAccount,Open Cloud Account,Fungua Akaunti ya Wingu,
storeCouldNotLoadTheStore,Could not load the store,Imeshindwa kupakia duka,
storeNoProductsInThisCategory,No products in this category,Hakuna bidhaa katika kundi hili,
storeTryADifferentCategoryOr,Try a different category or check back later.,Jaribu kundi lingine au rudi baadaye.,
pollsGroupVotes,Group votes,Kura za kikundi,
pollsSecret,Secret,Siri,
pollsYouHaveVoted,You have voted,Umepiga kura,
pollsConnectToVote,Connect to vote,Unganisha ili kupiga kura,
pollsCouldNotLoadTheVotes,Could not load the votes,Imeshindwa kupakia kura,
pollsNoVotesYet,No votes yet,Hakuna kura bado,
memberPassbookMyReport,My report,Ripoti yangu,
memberPassbookMySavingsAcrossAllGroups,My savings across all groups,Akiba yangu katika vikundi vyote,
memberPassbookJoinAnotherGroup,Join another group,Jiunge na kikundi kingine,
memberPassbookYouAreNotInA,You are not in a group yet,Bado hujajiunga na kikundi,
memberPassbookNoTransactionsYet,No transactions yet,Hakuna miamala bado,
memberPassbookYourSavingsAndLoanRecords,Your savings and loan records will appear here.,Rekodi za akiba na mikopo yako zitaonekana hapa.,
joinRequestsJoinRequests,Join Requests,Maombi ya Kujiunga,
joinRequestsPeopleAskingToJoin,People asking to join,Watu wanaoomba kujiunga,
joinRequestsReasonOptional,Reason (optional),Sababu (si lazima),
joinRequestsNoOneIsWaiting,No one is waiting,Hakuna anayesubiri,
pollDetailCloseThisVote,Close this vote?,Funga kura hii?,
pollDetailCloseVote,Close Vote,Funga Kura,
pollDetailYourChoice,Your choice,Chaguo lako,
pollDetailNoMembersLoadedForThis,No members loaded for this group yet.,Hakuna wanachama waliopakiwa kwa kikundi hiki bado.,
pollDetailMemberCastingThisVote,Member casting this vote,Mwanachama anayepiga kura hii,
groupPolicyHowLongALoanRuns,How long a loan runs,Mkopo hudumu muda gani,
groupPolicyInterestCharged,Interest charged,Riba inayotozwa,
groupPolicyExpensesArePaidFrom,Expenses are paid from,Gharama hulipwa kutoka,
groupPolicyRulesThatAreFixed,Rules that are fixed,Sheria zisizobadilika,
productDetailRequestOnCredit,Request on Credit,Omba kwa Mkopo,
productDetailSubmitRequest,Submit Request,Wasilisha Ombi,
productDetailPricedAtTheStandardDeposit,Priced at the standard deposit — rating unavailable.,Bei ya amana ya kawaida — kiwango hakipatikani.,
productDetailProgramme,Programme,Programu,
productDetailCustomerName,Customer name,Jina la mteja,
productDetailEmail,Email,Barua pepe,
productDetailGroupNameOptional,Group name (optional),Jina la kikundi (si lazima),
dashboardHello,Hello 👋,Habari 👋,
dashboardActiveLoans,Active Loans,Mikopo Hai,
dashboardFinesCollected,Fines Collected,Faini Zilizokusanywa,
disburseLoanLoanEligibility,Loan Eligibility,Ustahili wa Mkopo,
disburseLoanSelectMember,Select Member,Chagua Mwanachama,
disburseLoanPrincipalAmountKsh,Principal Amount (KSh),Kiasi cha Msingi (KSh),
disburseLoanDueDate,Due Date,Tarehe ya Mwisho,
joinGroupRequestSent,Request sent,Ombi limetumwa,
joinGroupAskYourGroupToAdd,Ask your group to add you,Omba kikundi chako kikuongeze,
joinGroupViewing,Viewing,Unatazama,
joinGroupGroupCode,Group code,Msimbo wa kikundi,
memberDetailEditDetails,Edit details,Badilisha maelezo,
memberDetailMemberReport,Member report,Ripoti ya mwanachama,
memberDetailNoLoansTaken,No loans taken,Hakuna mkopo uliochukuliwa,
memberDetailStartingPassword,Starting password,Nenosiri la kuanzia,
memberDetailAtLeast6Characters,At least 6 characters.,Angalau herufi 6.,
cyclesCloseCycle,Close cycle,Funga mzunguko,
cyclesSavingCycles,Saving Cycles,Mizunguko ya Akiba,
cyclesCloseCycleAndStartThe,Close cycle and start the next,Funga mzunguko na uanze ujao,
cyclesReadOnlyStillVisibleIn,Read-only — still visible in reports,Kusoma tu — bado inaonekana kwenye ripoti,
externalLoansCreditVentures,Credit ventures,Miradi ya mkopo,
externalLoansConnectToSeeLoanOffers,Connect to see loan offers,Unganisha ili kuona mikopo iliyopo,
externalLoansCouldNotLoadLoanOffers,Could not load loan offers,Imeshindwa kupakia mikopo iliyopo,
externalLoansNoLoanOffersRightNow,No loan offers right now,Hakuna mkopo kwa sasa,
accountServer,Server,Seva,
accountAppVersion,App version,Toleo la programu,
accountPhone,Phone,Simu,
businessProfileGroupBusiness,Group business,Biashara ya kikundi,
businessProfileWhatDoesTheGroupRun,What does the group run together?,Kikundi kinaendesha biashara gani pamoja?,
businessProfileTypeOfBusiness,Type of business,Aina ya biashara,
businessProfileEGPoultryCerealBuying,"e.g. poultry, cereal buying","mfano: kuku, ununuzi wa nafaka",
businessProfileMoneyInEachMonthKes,Money in each month (KES),Mapato kila mwezi (KES),
businessProfileCostsEachMonthKes,Costs each month (KES),Gharama kila mwezi (KES),
businessProfilePeopleItEmploys,People it employs,Watu inaowaajiri,
businessProfileBiggestProblemTheyFace,Biggest problem they face,Tatizo kubwa wanalokabiliana nalo,
recordVisitScoreTheGroup,Score the group,Pima kikundi,
recordVisitTheGroupSEnterprise,The group’s enterprise,Biashara ya kikundi,
recordVisitWhatTheyRunTogetherAnd,"What they run together, and how it is doing.","Wanachoendesha pamoja, na kinavyokwenda.",
recordVisitSavedOnThisPhoneFirst,"Saved on this phone first, then sent when you have signal.","Huhifadhiwa kwenye simu hii kwanza, kisha hutumwa ukipata mtandao.",
recordVisitWhyNotOptional,Why not? (optional),Kwa nini hapana? (si lazima),
recordVisitWhatYouFound,What you found,Uliyoyakuta,
agentHomeMyGroups,My Groups,Vikundi Vyangu,
agentHomeCaseloadReport,Caseload report,Ripoti ya vikundi,
agentHomeNoGroupsAssigned,No groups assigned,Hakuna kikundi ulichopewa,
agentHomeGroups,Groups,Vikundi,
agentHomeNeedSupport,Need support,Vinahitaji msaada,
loansLoanPortfolio,Loan Portfolio,Jalada la Mikopo,
loansSearchByMemberName,Search by member name,Tafuta kwa jina la mwanachama,
loansNoLoansHere,No loans here,Hakuna mikopo hapa,
threeKeyUnlockUnlockMeeting,Unlock Meeting,Fungua Mkutano,
threeKeyUnlockVerified,Verified,Imethibitishwa,
threeKeyUnlockSendANewCode,Send a new code,Tuma msimbo mpya,
threeKeyUnlockNoSmsUseMySaved,No SMS? Use my saved PIN instead,Hakuna SMS? Tumia PIN yangu iliyohifadhiwa,
threeKeyUnlockOneTimeCode,One-time code,Msimbo wa mara moja,
threeKeyUnlockRepeatPin,Repeat PIN,Rudia PIN,
memberReportNotSignedIn,Not signed in,Hujaingia,
memberReportSignInToYourAccount,Sign in to your account to see and share your report.,Ingia kwenye akaunti yako ili kuona na kushiriki ripoti yako.,
cloudDashboardCloudData,Cloud Data,Data ya Wingu,
cloudDashboardSavingsFund,Savings Fund,Mfuko wa Akiba,
cloudDashboardInternalLoans,Internal Loans,Mikopo ya Ndani,
serverSettingsOrUseAGroupAccess,or use a group access key,au tumia ufunguo wa kikundi,
serverSettingsViewOnlineRecords,View Online Records,Ona Rekodi za Mtandaoni,
serverSettingsBackUpThisGroup,Back Up This Group,Hifadhi Kikundi Hiki,
serverSettingsAccessKey,Access key,Ufunguo wa kuingia,
shareOutDistribute,Distribute,Gawanya,
shareOutFundToDistribute,Fund to distribute,Mfuko wa kugawanya,
shareOutSplitWelfareFundEqually,Split welfare fund equally,Gawanya mfuko wa jamii sawa,
shareOutNothingToShareOutYet,Nothing to share out yet,Hakuna cha kugawanya bado,
visitAssessmentAssessment,Assessment,Tathmini,
visitAssessmentFormNotAvailable,Form not available,Fomu haipatikani,
visitMentorshipMentorship,Mentorship,Ushauri,
visitMentorshipWhatDidYouCoachOn,What did you coach on?,Ulifundisha nini?,
visitMentorshipTapATopicToRecord,"Tap a topic to record it, then add what you advised.","Gusa mada ili kuirekodi, kisha andika ulichoshauri.",
visitMentorshipNowHandThePhoneTo,Now hand the phone to the group,Sasa mpe kikundi simu,
visitMentorshipWhatYouAdvised,What you advised,Ulichoshauri,
agentGroupDetailRecordAVisit,Record a visit,Rekodi ziara,
agentGroupDetailNoMembersLoaded,No members loaded.,Hakuna wanachama waliopakiwa.,
agentGroupDetailNoMeetingsLoaded,No meetings loaded.,Hakuna mikutano iliyopakiwa.,
agentGroupDetailToImprove,To improve,Ya kuboresha,
agentGroupDetailGovernance,Governance,Uongozi,
agentGroupDetailVslaCompliance,VSLA compliance,Ufuataji wa kanuni za VSLA,
recordFineReason,Reason,Sababu,
recordFineSpecifyReason,Specify reason,Eleza sababu,
addMemberRegisterMember,Register Member,Sajili Mwanachama,
addMemberPhoneOptional,Phone (optional),Simu (si lazima),
addMemberRole,Role,Nafasi,
editMemberEditMember,Edit member,Badilisha mwanachama,
membersRequestsToJoin,Requests to join,Maombi ya kujiunga,
membersNoMembersFound,No members found,Hakuna mwanachama aliyepatikana,
meetingSecurity3KeyUnlockBeforeMeetings,3-key unlock before meetings,Funguo 3 kabla ya mikutano,
meetingSecurityKeepPin,Keep PIN,Baki na PIN,
meetingSecurityReset,Reset,Weka upya,
agentReportCaseloadReport,Caseload Report,Ripoti ya Vikundi,
agentReportShareReport,Share Report,Shiriki Ripoti,
agentReportNeedsSupport,Needs support,Kinahitaji msaada,
agentReportNoRating,No rating,Hakuna kiwango,
agentReportNoGroupsYet,No groups yet,Hakuna vikundi bado,
groupReportNoGroupYet,No group yet,Hakuna kikundi bado,
groupReportSetUpYourGroupFirst,"Set up your group first, then come back for a report.","Sajili kikundi chako kwanza, kisha urudi kwa ripoti.",
groupReportNoMembersYet,No members yet,Hakuna wanachama bado,
groupReportMembersAppearHereOnceThey,Members appear here once they join the group.,Wanachama huonekana hapa wanapojiunga na kikundi.,
memberReportLocalMemberReport,Member Report,Ripoti ya Mwanachama,
memberReportLocalMemberNotFound,Member not found,Mwanachama hakupatikana,
memberReportLocalThisMemberIsNoLonger,This member is no longer in the group.,Mwanachama huyu hayupo tena kwenye kikundi.,
memberReportLocalLoansThisMemberTakesWill,Loans this member takes will appear here.,Mikopo atakayochukua mwanachama huyu itaonekana hapa.,
externalLoanApplyApplyForALoan,Apply for a Loan,Omba Mkopo,
externalLoanApplySubmitApplication,Submit Application,Wasilisha Ombi,
externalLoanApplyWhatIsTheLoanFor,What is the loan for?,Mkopo ni wa nini?,
externalLoanApplyEGBuyingMaizeSeed,e.g. Buying maize seed for the season,mfano: kununua mbegu za mahindi kwa msimu,
meetingsNoMeetingsYet,No meetings yet,Hakuna mikutano bado,
repaymentRecordRepayment,Record Repayment,Rekodi Marejesho,
repaymentNoOutstandingLoansNothingTo,No outstanding loans — nothing to repay. 🎉,Hakuna mkopo unaodaiwa — hakuna cha kurejesha. 🎉,
repaymentSelectLoan,Select Loan,Chagua Mkopo,
moreWhoIsSignedInLanguage,"Who is signed in, language, appearance and app details","Aliyeingia, lugha, mwonekano na maelezo ya programu",
moreIntelliCash,Intelli-Cash,Intelli-Cash,
mySavingsOnceAGroupAcceptsYou,"Once a group accepts you, your savings will show here.","Kikundi kikikukubali, akiba yako itaonekana hapa.",
buySharesEnterCodeByHand,Enter Code by Hand,Weka Msimbo kwa Mkono,
buySharesRecordPurchase,Record Purchase,Rekodi Ununuzi,
sharesLedgerNoPurchasesYet,No purchases yet,Hakuna ununuzi bado,
socialFundThisMeetingIsClosedThe,This meeting is closed — the record is read-only.,Mkutano huu umefungwa — rekodi ni ya kusoma tu.,
socialFundNoMembers,No members,Hakuna wanachama,
socialFundAddMembersToTheGroup,Add members to the group first.,Ongeza wanachama kwenye kikundi kwanza.,
welcomeUseTheWebConsoleFor,Use the web console for this account,Tumia tovuti kwa akaunti hii,
welcomeLoadYourGroupOntoThis,Load your group onto this phone,Pakia kikundi chako kwenye simu hii,
memberReportsTapAMemberToSee,Tap a member to see and share their report.,Gusa mwanachama ili kuona na kushiriki ripoti yake.,
openActionItemsNothingOutstanding,Nothing outstanding,Hakuna lililobaki,
openActionItemsThisGroupHasNoOpen,This group has no open actions from previous visits.,Kikundi hiki hakina kazi zilizobaki kutoka ziara zilizopita.,
openActionItemsFromTheLastVisit,From the last visit,Kutoka ziara iliyopita,
loanDetailNoRepaymentsYet,No repayments yet,Hakuna marejesho bado,
attendanceContinueToMeeting,Continue to Meeting,Endelea kwenye Mkutano,
appearanceChooseHowIntelliCashLooks,Choose how Intelli-Cash looks on this phone.,Chagua jinsi Intelli-Cash inavyoonekana kwenye simu hii.,
gatewayPaymentOpenThisLinkToPay,Open this link to pay:,Fungua kiungo hiki kulipa:,
agentHomeWhenGroupsAreAssignedToYou,"When groups are assigned to you, they appear here with their credit rating.","Vikundi vikikabidhiwa kwako, vitaonekana hapa pamoja na kiwango chao cha mkopo.",
dashboardTheSavingsCurveAppearsAfterYour,The savings curve appears after your first two meetings.,Mchoro wa akiba huonekana baada ya mikutano yako miwili ya kwanza.,
disburseLoanThisMemberHasNoBorrowingHeadroom,This member has no borrowing headroom — savings must grow or the current loan must reduce first.,Mwanachama huyu hana nafasi ya kukopa — akiba lazima iongezeke au mkopo wa sasa upungue kwanza.,
disburseLoanTheLoanFundIsEmptyCollect,The loan fund is empty. Collect share purchases or loan repayments before lending again.,Mfuko wa mikopo ni tupu. Kusanya ununuzi wa hisa au marejesho ya mikopo kabla ya kukopesha tena.,
loanDetailRepaymentsAreRecordedInsideMeetingsAnd,Repayments are recorded inside meetings and appear here instantly.,Marejesho hurekodiwa ndani ya mikutano na huonekana hapa mara moja.,
loansLoansAreDisbursedInsideAMeeting,Loans are disbursed inside a meeting — open a meeting and use Disburse Loan.,Mikopo hutolewa ndani ya mkutano — fungua mkutano kisha tumia Toa Mkopo.,
gatewayPaymentRequestSentAskTheMemberTo,Request sent. Ask the member to enter their M-Pesa PIN on their phone.,Ombi limetumwa. Mwambie mwanachama aweke PIN yake ya M-Pesa kwenye simu yake.,
meetingHubThisMeetingIsClosedItsRecords,This meeting is closed. Its records are read-only and form part of the audit trail.,Mkutano huu umefungwa. Rekodi zake ni za kusoma tu na ni sehemu ya kumbukumbu za ukaguzi.,
meetingHubAllRecordsInThisMeetingWill,All records in this meeting will be locked permanently. This cannot be undone.,Rekodi zote za mkutano huu zitafungwa milele. Hili haliwezi kutenguliwa.,
meetings3KeyUnlockIsOnOfficials,3-key unlock is on: officials confirm their PINs before the meeting opens.,Funguo 3 zimewashwa: viongozi huthibitisha PIN zao kabla mkutano kufunguliwa.,
meetingsStartYourFirstMeetingToRecord,"Start your first meeting to record attendance, savings, fines and loans.","Anzisha mkutano wako wa kwanza ili kurekodi mahudhurio, akiba, faini na mikopo.",
meetingsClosedMeetingsAreLockedTheirRecords,Closed meetings are locked — their records form the group\'s permanent audit trail.,Mikutano iliyofungwa imefungwa — rekodi zake ni kumbukumbu za kudumu za kikundi.,
sharesLedgerSharePurchasesLandHereTheMoment,Share purchases land here the moment they are recorded.,Ununuzi wa hisa huonekana hapa mara tu unaporekodiwa.,
joinGroupYourGroupHasACodeOn,Your group has a code on its records — ask the secretary if you do not know it. Sending a request does not open the group\'s books to you; an official has to accept you first.,Kikundi chako kina msimbo kwenye rekodi zake — muulize katibu kama hukijui. Kutuma ombi hakukufungulii vitabu vya kikundi; kiongozi lazima akukubali kwanza.,
memberPassbookAskYourGroupToAddYou,Ask your group to add you and your savings will show up here.,Omba kikundi chako kikuongeze na akiba yako itaonekana hapa.,
editMemberCorrectingASpellingOrAMistyped,"Correcting a spelling or a mistyped number. Their savings, loans and attendance stay exactly as they are.","Kurekebisha herufi au namba iliyokosewa. Akiba, mikopo na mahudhurio yao hubaki kama yalivyo.",
joinRequestsTheyWillNotBeAddedTo,They will not be added to the group. You can say why if you want to — it is not required.,Hataongezwa kwenye kikundi. Unaweza kueleza sababu ukitaka — si lazima.,
joinRequestsThisListIsOutOfDate,"This list is out of date. Pull down to refresh, then check the answer again.","Orodha hii si ya sasa. Vuta chini ili kuonyesha upya, kisha angalia jibu tena.",
joinRequestsWhenSomeoneAsksToJoinYour,"When someone asks to join your group, their request will show up here for you to answer.","Mtu akiomba kujiunga na kikundi chako, ombi lake litaonekana hapa ili ulijibu.",
memberDetailToCreateASignInAccount,"To create a sign-in account, first back this group up to the cloud (More → Sync & Backup) while online.","Ili kutengeneza akaunti ya kuingia, kwanza hifadhi kikundi hiki kwenye wingu (Mangine → Sync & Backup) ukiwa mtandaoni.",
memberDetailLoansThisMemberTakesWillBe,Loans this member takes will be listed here with their live status.,Mikopo atakayochukua mwanachama huyu itaorodheshwa hapa na hali yake ya sasa.,
membersAddMembersWithTheButtonBelow,Add members with the button below — each gets an individual savings and loan profile.,Ongeza wanachama kwa kitufe kilicho chini — kila mmoja hupata rekodi yake ya akiba na mikopo.,
meetingSecurityAssignAChairpersonSecretaryAndTreasurer,"Assign a chairperson, secretary and treasurer below so three officials can unlock meetings. Until then, most members\' PINs are needed instead.","Teua mwenyekiti, katibu na mweka hazina hapa chini ili viongozi watatu waweze kufungua mikutano. Hadi hapo, PIN za wanachama wengi ndizo zitahitajika.",
meetingSecurityTheOldPinStopsWorkingThe,The old PIN stops working. The member chooses a new PIN the next time they turn their key at a meeting unlock.,PIN ya zamani huacha kufanya kazi. Mwanachama huchagua PIN mpya wakati mwingine atakapotumia ufunguo wake kufungua mkutano.,
moreYourGroupSSavingsAndLoans,"Your group\'s savings and loans, right on your phone. Everything is saved on this phone first and backed up online when you have internet.\n\nIntelli-Wealth Limited · intelliwealth.org","Akiba na mikopo ya kikundi chako, hapo hapo kwenye simu yako. Kila kitu huhifadhiwa kwenye simu hii kwanza, kisha hufanyiwa nakala mtandaoni ukipata intaneti.

Intelli-Wealth Limited · intelliwealth.org",
moreNoInternetYourRecordsAreSafe,No internet — your records are safe on this phone and will back up later.,Hakuna intaneti — rekodi zako ziko salama kwenye simu hii na zitahifadhiwa baadaye.,
welcomeThePhoneAppIsForGroups,"The phone app is for groups, members and field agents. Your account does not need to create a group here — sign in on the web console instead, or sign out to use a different account.","Programu ya simu ni ya vikundi, wanachama na maafisa wa uwandani. Akaunti yako haihitaji kuunda kikundi hapa — ingia kwenye tovuti badala yake, au toka ili kutumia akaunti nyingine.",
welcomeYourGroupIsAlreadyOnThe,"Your group is already on the server. Load it here instead of creating a new one, so your savings history stays in one record.","Kikundi chako tayari kiko kwenye seva. Kipakie hapa badala ya kuunda kipya, ili historia ya akiba yako ibaki rekodi moja.",
agentReportWhenGroupsAreAssignedToYou,"When groups are assigned to you, their report appears here.","Vikundi vikikabidhiwa kwako, ripoti yake itaonekana hapa.",
groupReportFiguresFromThisPhoneOnlyWork,Figures from this phone only - work saved on other phones may not be included yet.,Takwimu za simu hii pekee - kazi iliyohifadhiwa kwenye simu nyingine huenda bado haijajumuishwa.,
groupReportFromThisPhoneOnlyWorkSaved,From this phone only. Work saved on other phones may not be included yet.,Kutoka simu hii pekee. Kazi iliyohifadhiwa kwenye simu nyingine huenda bado haijajumuishwa.,
memberReportLocalFiguresFromThisPhoneOnlyRecords,Figures from this phone only - records saved elsewhere may not be included yet.,Takwimu za simu hii pekee - rekodi zilizohifadhiwa kwingine huenda bado hazijajumuishwa.,
mySavingsWhatYouOweIsCountedFor,What you owe is counted for each group on its own. Paying extra in one group does not reduce what you owe in another.,Deni lako huhesabiwa kwa kila kikundi peke yake. Kulipa zaidi katika kikundi kimoja hakupunguzi deni lako katika kingine.,
groupSyncThisClearsTheLocalBackendMapping,This clears the local↔backend mapping. Already-synced records stay on the server; nothing is deleted.,Hii huondoa uhusiano kati ya simu na seva. Rekodi zilizokwisha sawazishwa hubaki kwenye seva; hakuna kinachofutwa.,
groupSyncConnectToTheIntellicashBackendBefore,Connect to the IntelliCash backend before linking and syncing this group.,Unganisha kwenye seva ya IntelliCash kabla ya kuunganisha na kusawazisha kikundi hiki.,
groupSyncLinkingMatchesYourLocalMembersTo,"Linking matches your local members to the backend roster by phone, then name. Unmatched members can be linked by hand afterwards.","Kuunganisha hulinganisha wanachama wa simu hii na orodha ya seva kwa namba ya simu, kisha kwa jina. Wasiolingana wanaweza kuunganishwa kwa mkono baadaye.",
groupSyncTheseLocalMembersHaveNoBackend,These local members have no backend match. Link them before their transactions can sync.,Wanachama hawa wa simu hii hawana wenzao kwenye seva. Waunganishe kabla miamala yao haijaweza kusawazishwa.,
groupSyncUploadsAttendanceAndLedgerSharesSocial,"Uploads attendance and ledger (shares, social fund, loans, repayments) for every closed meeting. Safe to re-run — already synced records are skipped. Fines and meeting sealing come in a later phase.","Hupakia mahudhurio na daftari (hisa, mfuko wa jamii, mikopo, marejesho) kwa kila mkutano uliofungwa. Ni salama kurudia — rekodi zilizokwisha sawazishwa huachwa. Faini na kufunga mikutano huja katika hatua ijayo.",
serverSettingsAskYourGroupAdministratorForAn,"Ask your group administrator for an access key, then paste it here. It only lets this phone see and record your group\'s savings, loans and meetings.","Omba msimamizi wa kikundi chako ufunguo wa kuingia, kisha ubandike hapa. Unaruhusu simu hii kuona na kurekodi akiba, mikopo na mikutano ya kikundi chako tu.",
cyclesPullDownToTryAgainIf,"Pull down to try again. If it keeps happening, check the group is still selected under Cloud Account.","Vuta chini ujaribu tena. Ikiendelea, hakikisha kikundi bado kimechaguliwa chini ya Akaunti ya Wingu.",
cyclesClosingACycleMakesItsRecords,Closing a cycle makes its records read-only. Nothing is deleted — past meetings and money stay in history and reports.,Kufunga mzunguko hufanya rekodi zake ziwe za kusoma tu. Hakuna kinachofutwa — mikutano na fedha zilizopita hubaki kwenye historia na ripoti.,
cyclesYouCanSeeTheCyclesBut,You can see the cycles but not close one. Only the group account or a platform admin can.,Unaweza kuona mizunguko lakini huwezi kufunga. Ni akaunti ya kikundi au msimamizi wa jukwaa pekee anayeweza.,
groupPolicyAppliesToNewLoansLoansAlready,Applies to new loans. Loans already given keep the term they were agreed with — changing this never changes what a member already owes.,Hutumika kwa mikopo mipya. Mikopo iliyokwisha tolewa hubaki na muda iliokubaliwa — kubadilisha hili hakubadilishi deni la mwanachama.,
groupPolicyFlatOnTheAmountBorrowedEach,"Flat on the amount borrowed each month — it does not fall as the member repays, and it stops at the end of the agreed term. Zero is fine: many groups lend interest-free. Each loan keeps the rate it was made at, so changing this never reprices money already lent.","Ni kiwango kimoja juu ya kiasi kilichokopwa kila mwezi — hakipungui mwanachama anapolipa, na huisha mwisho wa muda uliokubaliwa. Sifuri ni sawa: vikundi vingi hukopesha bila riba. Kila mkopo hubaki na riba uliotolewa nayo, kwa hivyo kubadilisha hili hakubadilishi fedha zilizokwisha kopeshwa.",
groupPolicyYouCanSeeTheseRulesBut,You can see these rules but not change them. Only the group account or a platform admin can.,Unaweza kuona sheria hizi lakini huwezi kuzibadilisha. Ni akaunti ya kikundi au msimamizi wa jukwaa pekee anayeweza.,
groupPolicyUnpaidFinesAndWelfareAreTaken,Unpaid fines and welfare are taken off a member\'s share-out payout — they never stop a member from sharing out.\n\nOutstanding loans are taken off at share-out and are never carried into the next cycle.,"Faini na michango ya jamii ambayo haijalipwa hukatwa kwenye mgao wa mwanachama — kamwe hazimzuii mwanachama kushiriki mgao.

Mikopo ambayo haijalipwa hukatwa wakati wa mgao na kamwe haipelekwi mzunguko unaofuata.",
paymentProvidersMPesaClassicNeedsNothingHere,M-Pesa Classic needs nothing here — the member types in the transaction code from their phone.,M-Pesa Classic haihitaji chochote hapa — mwanachama huandika msimbo wa muamala kutoka simu yake.,
paymentProvidersYouCanSeeThisButNot,You can see this but not change it. Only the group account or a platform admin can move where money is received.,Unaweza kuona hili lakini huwezi kulibadilisha. Ni akaunti ya kikundi au msimamizi wa jukwaa pekee anayeweza kuhamisha mahali fedha zinapopokelewa.,
welfareYouAreOfflineWelfarePaymentsAre,You are offline. Welfare payments are recorded on the server so the fund cannot be overspent by two phones at once — reconnect to record one.,Huna mtandao. Malipo ya jamii hurekodiwa kwenye seva ili mfuko usitumike kupita kiasi na simu mbili kwa wakati mmoja — unganisha ili kurekodi.,
welfareNoMeetingIsOpenWelfareIs,"No meeting is open. Welfare is paid out during a meeting, in front of the members — open one first, then record it there.","Hakuna mkutano ulio wazi. Fedha za jamii hulipwa wakati wa mkutano, mbele ya wanachama — fungua mkutano kwanza, kisha rekodi hapo.",
shareOutMembersHavenTBoughtSharesThis,"Members haven\'t bought shares this cycle. Run meetings and collect shares first, then come back to distribute the fund.","Wanachama hawajanunua hisa mzunguko huu. Endesha mikutano na kusanya hisa kwanza, kisha urudi kugawanya mfuko.",
externalLoanApplyCreditRatingUnavailableTheLenderChecks,Credit rating unavailable — the lender checks it when reviewing your application.,Kiwango cha mkopo hakipatikani — mkopeshaji hukiangalia anapopitia ombi lako.,
externalLoansCheckBackLaterPartnersAddNew,Check back later — partners add new loan offers from time to time.,Rudi baadaye — washirika huongeza mikopo mipya mara kwa mara.,
externalLoansExternalLoansLoadFromTheIntelli,External loans load from the Intelli-Cash backend. Connect or sign in first.,Mikopo ya nje hupakiwa kutoka seva ya Intelli-Cash. Unganisha au ingia kwanza.,
storeFarmSolarHouseholdAndBusinessProducts,"Farm, solar, household and business products — priced by your group\'s credit rating.","Bidhaa za shamba, sola, nyumbani na biashara — bei kulingana na kiwango cha mkopo cha kikundi chako.",
storeIntelliStoresLoadsFromTheIntelli,Intelli-Stores loads from the Intelli-Cash backend. Connect or sign in first.,Intelli-Stores hupakiwa kutoka seva ya Intelli-Cash. Unganisha au ingia kwanza.,
businessProfileTheGroupSOwnEnterpriseNot,"The group\'s own enterprise, not a member\'s. Leave blank if they do not run one.","Biashara ya kikundi chenyewe, si ya mwanachama. Acha wazi kama hawana.",
businessProfileThisVisitHasNotSyncedYet,"This visit has not synced yet, so the figures are saved against the group but not against this visit.","Ziara hii bado haijasawazishwa, kwa hivyo takwimu zimehifadhiwa kwa kikundi lakini si kwa ziara hii.",
businessProfileSavedAgainstThisVisitSoNext,"Saved against this visit, so next time you can see what changed.","Imehifadhiwa kwa ziara hii, ili wakati ujao uone kilichobadilika.",
recordVisitAVisitCanStillBeRecorded,"A visit can still be recorded without a location. Whether it matches this group is decided by the office, not here.","Ziara bado inaweza kurekodiwa bila mahali. Kama inalingana na kikundi hiki huamuliwa na ofisi, si hapa.",
recordVisitRecordWhatYouCoachedOnThen,"Record what you coached on, then let the group score it.","Rekodi ulichofundisha, kisha waache kikundi kikipime.",
visitAssessmentNoAssessmentFormHasBeenDownloaded,"No assessment form has been downloaded yet. Connect once to fetch it, then it works offline.","Hakuna fomu ya tathmini iliyopakuliwa bado. Unganisha mara moja ili kuipata, kisha itafanya kazi bila mtandao.",
visitMentorshipNotScoredYetAVisitCan,"Not scored yet. A visit can be recorded without it, but the group\'s view is the only useful measure of the coaching.","Bado haijapimwa. Ziara inaweza kurekodiwa bila hii, lakini maoni ya kikundi ndiyo kipimo pekee muhimu cha ushauri.",
createPollNoMembersLoadedForThisGroup,No members loaded for this group yet. Connect and open the group first.,Hakuna wanachama waliopakiwa kwa kikundi hiki bado. Unganisha na ufungue kikundi kwanza.,
createPollNobodySeesWhoVotedForWhat,Nobody sees who voted for what. The counts are still shown to everyone.,Hakuna anayeona nani alipiga kura kwa nini. Idadi bado huonyeshwa kwa kila mtu.,
pollDetailNoMoreVotesCanBeCast,"No more votes can be cast after this, and the result is written into the group records. This cannot be undone.","Hakuna kura zaidi zitakazopigwa baada ya hii, na matokeo huandikwa kwenye rekodi za kikundi. Hili haliwezi kutenguliwa.",
pollDetailClosingCountsTheVotesAndWrites,Closing counts the votes and writes the result into the group records.,Kufunga huhesabu kura na kuandika matokeo kwenye rekodi za kikundi.,
pollDetailYouHaveVotedThisIsA,"You have voted. This is a secret ballot, so your choice is not shown to anyone.","Umepiga kura. Hii ni kura ya siri, kwa hivyo chaguo lako halionyeshwi kwa mtu yeyote.",
pollsElectYourLeadersAndDecideTogether,"Elect your leaders and decide together. One member, one vote.","Chagua viongozi wenu na muamue pamoja. Mwanachama mmoja, kura moja.",
pollsTapNewVoteToElectA,Tap New Vote to elect a leader or put a question to the group.,Gusa Kura Mpya ili kuchagua kiongozi au kuuliza kikundi swali.,
pollsVotingIsKeptOnTheIntelli,Voting is kept on the Intelli-Cash backend so every member sees the same tally. Connect or sign in first.,Kura huhifadhiwa kwenye seva ya Intelli-Cash ili kila mwanachama aone idadi ile ile. Unganisha au ingia kwanza.,
unlockOpensWhen,The meeting opens when {officials} officials — or {members} members — each turn their key.,Mkutano hufunguliwa viongozi {officials} — au wanachama {members} — wanapotumia funguo zao.,
paymentProvidersStillNeeded,Not finished — still needed: {fields}. Until then money still goes to the platform account.,Haijakamilika — bado inahitajika: {fields}. Hadi hapo fedha bado huenda kwenye akaunti ya jukwaa.,
welfareSharedOutExplainer,This is what gets shared out at the end of the cycle — not the total contributed. {paidOut} has been paid out so far.,Hiki ndicho kitakachogawanywa mwisho wa mzunguko — si jumla iliyochangwa. {paidOut} imelipwa hadi sasa.,
shareOutStartsNextCycle,"This records every payout, settles outstanding loans, and starts Cycle {cycle}. It cannot be undone.","Hii hurekodi kila malipo, humaliza mikopo iliyobaki, na huanzisha Mzunguko {cycle}. Haiwezi kutenguliwa.",
visitAssessmentPhotoCapReached,This visit already has {max} photos.,Ziara hii tayari ina picha {max}.,
