key,english,kiswahili_for_reference,Dholuo_draft,Dholuo_corrected,ok_as_is
appTagline,Your VSLA in your pocket,VSLA yako mfukoni mwako,Riwruok mari e mfukoni mari,,
navDashboard,Dashboard,Muhtasari,Kama Iyudo Weche,,
navMeetings,Meetings,Mikutano,Chokruoge,,
navMembers,Members,Wanachama,Jomembe,,
navLoans,Loans,Mikopo,Hola,,
navMore,More,Zaidi,Mamoko,,
welcomeTitle,Welcome to Intelli-Cash,Karibu Intelli-Cash,Warahao e Intelli-Cash,,
welcomeCreateAccountPrompt,Create your account to get started.,Fungua akaunti yako ili uanze.,Los akaunt mari mondo ichak.,,
welcomeAccountReady,Your account is ready.,Akaunti yako iko tayari.,Akaunt mari oikore.,,
createAccount,Create Account,Fungua Akaunti,Los Akaunt,,
createAccountSubtitle,"New here? Set up an account for your group, yourself, or your work as an agent.","Ni mara yako ya kwanza? Fungua akaunti ya kikundi chenu, yako binafsi, au ya kazi yako kama wakala.","In ngʼat manyien? Los akaunt mar riwruok mau, mari iwuon, kata mar tijni kaka jakony.",,
signIn,Sign In,Ingia,Donji,,
signInSubtitle,I already have an Intelli-Cash account.,Tayari nina akaunti ya Intelli-Cash.,An-gi akaunt mar Intelli-Cash.,,
signOut,Sign out,Toka,Wuok,,
signedInAs,Signed in as {name}.,Umeingia kama {name}.,Isedonjo kaka {name}.,,
setUpGroup,Set up my group on this phone,Sajili kikundi changu kwenye simu hii,Los riwruok mara e simu ni,,
setUpGroupSubtitle,"Keep your group's savings, loans and meetings — works without internet once set up.","Weka akiba, mikopo na mikutano ya kikundi chenu — hufanya kazi bila intaneti baada ya kusajili.","Kan pesa mokan, hola kod chokruoge mag riwruok mau — otiyo kata ka onge intanet.",,
whoIsThisAccountFor,Who is this account for?,Akaunti hii ni ya nani?,Akaunt ni en mar ngʼa?,,
pickOneLater,Pick one — you can always add more accounts later.,Chagua moja — unaweza kuongeza akaunti nyingine baadaye.,Yier achiel — inyalo medo mamoko bangʼe.,,
accountTypeGroup,Our Group,Kikundi Chetu,Riwruok Marwa,,
accountTypeGroupSubtitle,"This phone will keep our group's savings, loans and meetings.","Simu hii itatunza akiba, mikopo na mikutano ya kikundi chetu.","Simu ni ema biro kano pesa, hola kod chokruoge mag riwruok marwa.",,
accountTypeMember,Just Me,Mimi Peke Yangu,An Kenda,,
accountTypeMemberSubtitle,"I want to see my own savings, shares and loans.","Nataka kuona akiba, hisa na mikopo yangu.","Adwaro neno pesa mokan, hisa kod hola maga.",,
accountTypeAgent,Field Agent,Wakala wa Ugani,Jakony mar Gwengʼ,,
accountTypeAgentSubtitle,Village Agent or CBT — I support and monitor several groups.,Wakala wa Kijiji au CBT — nasaidia na kufuatilia vikundi kadhaa.,Jakony mar Gwengʼ kata CBT — akonyo kendo aneno riwruoge mangʼeny.,,
change,Change,Badilisha,Lok,,
groupNameLabel,Group name,Jina la kikundi,Nying riwruok,,
yourFullName,Your full name,Jina lako kamili,Nyingi machielo duto,,
phoneNumber,Phone number,Nambari ya simu,Namba mar simu,,
password,Password,Nenosiri,Wach mopondo,,
passwordHint,At least 6 characters — keep it secret.,Angalau herufi 6 — liweke siri.,Nyaka bed gi otonge 6 kata mokalo — kane opondo.,,
repeatPassword,Repeat password,Rudia nenosiri,Nwo wach mopondo,,
emailOptional,Email (optional),Barua pepe (si lazima),Baruwa mar intanet (ok ochuno),,
countyOptional,County (optional),Kaunti (si lazima),Kaunti (ok ochuno),,
createMyAccount,Create My Account,Fungua Akaunti Yangu,Los Akaunt Mara,,
creatingAccount,Creating account…,Inafungua akaunti…,Ilosi akaunt…,,
registerNeedsInternet,Creating an account needs an internet connection. Your phone number is your sign-in.,Kufungua akaunti kunahitaji intaneti. Nambari yako ya simu ndiyo utakayotumia kuingia.,Loso akaunt dwaro intanet. Namba mar simu mari ema ikonyorego donjo.,,
welcomeBack,Welcome back,Karibu tena,Warahao kendo,,
signInWithPhone,Sign in with your phone number and password.,Ingia kwa nambari yako ya simu na nenosiri.,Donji gi namba mar simu mari kod wach mopondo.,,
phoneOrEmail,Phone number or email,Nambari ya simu au barua pepe,Namba mar simu kata baruwa mar intanet,,
signingIn,Signing in…,Inaingia…,Idonjo…,,
sessionNote,Your session lasts 8 hours. The group's record book keeps working offline once you are signed in.,Kipindi chako hudumu saa 8; daftari la nje ya mtandao huendelea kufanya kazi bila kuingia tena.,Kindeni kawo seche 8. Bug riwruok medo tiyo kata ka onge intanet bangʼ donjo.,,
sectionGroup,Group,Kikundi,Riwruok,,
sectionReports,Reports,Ripoti,Ripot,,
sectionEndOfCycle,End of cycle,Mwisho wa mzunguko,Giko mar ndalo mar kano,,
sectionCloudBackup,Cloud & backup,Wingu na hifadhi,Bor kod kano,,
sectionAppearance,Appearance,Muonekano,Kite monenore,,
sectionLanguage,Language,Lugha,Dhok,,
sectionAbout,About,Kuhusu,Kuom,,
groupSettings,Group Settings,Mipangilio ya Kikundi,Chenro mar Riwruok,,
groupSettingsSubtitle,"Savings, loans and meeting days","Akiba, mikopo na siku za mikutano","Pesa mokan, hola kod odiechienge mag chokruok",,
meetingSecurity,Meeting Security,Usalama wa Mkutano,Rito mar Chokruok,,
memberAccounts,Member Accounts,Akaunti za Wanachama,Akaunt mag Jomembe,,
memberAccountsSubtitle,Let members get their own sign-in to see their savings,Ruhusu wanachama wapate akaunti zao kuona akiba zao,Yie mondo jomembe oyud akaunt mag-gi mondo one pesa mag-gi,,
groupRules,Group Rules,Sheria za Kikundi,Chike mag Riwruok,,
groupReport,Group Report,Ripoti ya Kikundi,Ripot mar Riwruok,,
groupReportSubtitle,"Money, members and meetings — share text or PDF","Pesa, wanachama na mikutano — tuma maandishi au PDF","Pesa, jomembe kod chokruoge — or ndiko kata PDF",,
memberReports,Member Reports,Ripoti za Wanachama,Ripot mag Jomembe,,
memberReportsSubtitle,A statement for each member — share text or PDF,Taarifa ya kila mwanachama — tuma maandishi au PDF,Weche mag jamembe ka jamembe — or ndiko kata PDF,,
shareOut,Share-Out,Mgao wa Mwisho,Pogruok,,
shareOutSubtitle,Share the group fund back to members,Gawa pesa za kikundi kwa wanachama,Pog pesa mag riwruok ne jomembe,,
cloudAccount,Cloud Account,Akaunti ya Wingu,Akaunt mar Bor,,
syncBackup,Sync & Backup,Sawazisha na Hifadhi,Riwo kod Kano,,
intelliStores,Intelli-Stores,Intelli-Stores,Intelli-Stores,,
language,Language,Lugha,Dhok,,
languageSubtitle,Choose the language for this phone,Chagua lugha ya simu hii,Yier dhok mar simu ni,,
languageNeedsReview,"Every screen is translated, but a speaker of this language has not checked the wording yet. If something reads wrongly, please tell us — you can switch back to English or Kiswahili at any time.","Kila skrini imetafsiriwa, lakini mzungumzaji wa lugha hii bado hajakagua maneno. Kama kitu hakisomeki vizuri, tuambie — unaweza kurudi kwa Kiingereza au Kiswahili wakati wowote.","Kama ineno duto oselok, to ngʼat mawacho dhokni pok onono weche. Ka gimoro ok somre maber, nyiswa — inyalo dok e Kingereza kata Kiswahili sa asaya.",,
shareTextButton,Share Text,Tuma Maandishi,Or Ndiko,,
back,Back,Rudi,Duogi,,
cancel,Cancel,Ghairi,We,,
signedOut,Signed out.,Umetoka.,Isewuok.,,
signOutKeepsRecords,"Your group's savings, loans and meetings stay saved on this phone, but nobody can open them until you sign in again. Your phone number will be remembered.","Akiba, mikopo na mikutano ya kikundi chenu vitabaki vimehifadhiwa kwenye simu hii, lakini hakuna atakayeweza kuvifungua hadi uingie tena. Nambari yako ya simu itakumbukwa.","Pesa, hola kod chokruoge mag riwruok mau dhi siko kokan e simu ni, to onge ngʼama nyalo yawogi kapok idonjo kendo. Namba mar simu mari ibiro par.",,
signOutMemberNote,You will need to sign in again to see your savings. Your phone number will be remembered.,Utahitaji kuingia tena ili kuona akiba yako. Nambari yako ya simu itakumbukwa.,Ibiro dwaro donjo kendo mondo ine pesa mokan magi. Namba mar simu mari ibiro par.,,
signOutAgentNote,You will need to sign in again to see your groups. Your phone number will be remembered.,Utahitaji kuingia tena ili kuona vikundi vyako. Nambari yako ya simu itakumbukwa.,Ibiro dwaro donjo kendo mondo ine riwruoge magi. Namba mar simu mari ibiro par.,,
whoIsSigningIn,Who is signing in?,Nani anaingia?,En ngʼa madonjo?,,
whoIsSigningInSubtitle,"Choose the kind of account you use, then enter your phone number and password.","Chagua aina ya akaunti unayotumia, kisha weka nambari yako ya simu na nenosiri.","Yier kit akaunt mitiyogo, eka iket namba mar simu mari kod wach mopondo.",,
welfareRecordThisPayment,Record this payment?,Rekodi malipo haya?,Ndik chudoni?,,
welfareRecordPayment,Record payment,Rekodi malipo,Ndik chudo,,
welfareWelfareFund,Welfare Fund,Mfuko wa Jamii,Sanduk mar Kony,,
welfareCouldNotLoadTheWelfare,Could not load the welfare fund.,Imeshindwa kupakia mfuko wa jamii.,Sanduk mar kony ok nyal yudore.,,
welfareTryAgain,Try again,Jaribu tena,Tem kendo,,
welfareLeftInTheWelfareFund,Left in the welfare fund,Kilichobaki kwenye mfuko wa jamii,Modongʼ e sanduk mar kony,,
welfareRecordAWelfarePayment,Record a welfare payment,Rekodi malipo ya jamii,Ndik chudo mar kony,,
welfarePaidOutThisCycle,Paid out this cycle,Kilicholipwa mzunguko huu,Mosechul e ndaloni,,
welfareNothingPaidOutYetThe,Nothing paid out yet — the whole welfare fund will be shared.,Hakuna kilicholipwa bado — mfuko wote wa jamii utagawanywa.,Onge gima osechul — sanduk mar kony duto ibiro pogi.,,
welfareRecordedInMeeting,Recorded in meeting,Imerekodiwa kwenye mkutano,Ondiki e chokruok,,
welfareAmountKsh,Amount (KSh),Kiasi (KSh),Kar romo (KSh),,
welfareWhatFor,What for,Kwa ajili gani,Ne angʼo,,
welfarePaidTo,Paid to,Amelipwa,Ochul ne,,
welfareAMemberAFamilyOr,"A member, a family, or a hospital — whoever received it","Mwanachama, familia au hospitali — yeyote aliyepokea","Jamembe, joot, kata osiptal — ngʼat moro amora mane oyudo",,
welfareNoteOptional,Note (optional),Maelezo (si lazima),Weche (ok ochuno),,
meetingHubEditAttendance,Edit attendance,Badilisha mahudhurio,Lok bedo e chokruok,,
meetingHubCloseLockMeeting,Close & Lock Meeting,Funga na Ufunge Mkutano,Lor kendo Lor Chokruok,,
meetingHubClosingLocksAllRecordsPermanently,Closing locks all records permanently.,Kufunga hufunga rekodi zote milele.,Loro loro ndiko duto nyaka chiengʼ.,,
meetingHubKeepOpen,Keep Open,Acha Wazi,We Oyaw,,
meetingHubCloseLock,Close & Lock,Funga na Ufunge,Lor kendo Lor,,
meetingHubSocialFund,Social Fund,Mfuko wa Jamii,Sanduk mar Kony,,
meetingHubBuyShares,Buy Shares,Nunua Hisa,Ngʼiew Hisa,,
meetingHubRecordFine,Record Fine,Rekodi Faini,Ndik Chudo,,
meetingHubDisburseLoan,Disburse Loan,Toa Mkopo,Chiw Hola,,
meetingHubRepayment,Repayment,Marejesho,Chulo,,
meetingHubShareRecords,Share Records,Rekodi za Hisa,Ndiko mag Hisa,,
meetingHubVoting,Voting,Kupiga Kura,Yiero,,
meetingHubWelfare,Welfare,Jamii,Kony,,
meetingHubIntelliStore,Intelli-Store,Intelli-Store,Intelli-Store,,
meetingHubExternalLoans,External Loans,Mikopo ya Nje,Hola mag Oko,,
groupSetupWizardAddTheMembersJoiningThis,Add the members joining this cycle. You can always add more later.,Ongeza wanachama wanaojiunga na mzunguko huu. Unaweza kuongeza wengine baadaye.,Med jomembe madonjo e ndaloni. Inyalo medo mamoko bangʼe.,,
groupSetupWizardEveryoneBuysSharesAtOne,Everyone buys shares at one fixed price,Kila mtu ananunua hisa kwa bei moja isiyobadilika,Ngʼato ka ngʼato ngʼiewo hisa gi nengo achiel ma ok lokre,,
groupSetupWizardMembersSaveWhatTheyCan,Members save what they can each meeting,Wanachama huweka akiba kadri wawezavyo kila mkutano,Jomembe kano gima ginyalo e chokruok ka chokruok,,
groupSetupWizardGroupName,Group Name,Jina la Kikundi,Nying Riwruok,,
groupSetupWizardCycleNumber,Cycle Number,Namba ya Mzunguko,Namba mar Ndalo,,
groupSetupWizardWhichSavingsCycleIsThis,Which savings cycle is this group on?,Kikundi hiki kiko kwenye mzunguko upi wa akiba?,Riwruokni ni e ndalo mar kano mane?,,
groupSetupWizardMemberName,Member Name,Jina la Mwanachama,Nying Jamembe,,
groupSetupWizardAddMember,Add member,Ongeza mwanachama,Med jamembe,,
groupSetupWizardRemove,Remove,Ondoa,Gol,,
groupSetupWizardShareValueKsh,Share Value (KSh),Thamani ya Hisa (KSh),Nengo mar Hisa (KSh),,
groupSetupWizardMaxSharesPerMeeting,Max Shares per Meeting,Hisa za Juu Kila Mkutano,Hisa Mangʼeny e Chokruok Achiel,,
groupSetupWizardSocialFundPerMeetingKsh,Social Fund per Meeting (KSh),Mfuko wa Jamii Kila Mkutano (KSh),Sanduk mar Kony e Chokruok Achiel (KSh),,
groupSetupWizardTrackedSeparatelyFromSavings,Tracked separately from savings,Hufuatiliwa tofauti na akiba,Iluwo kama opogore gi pesa mokan,,
groupSetupWizardInterestRatePerMonth,Interest Rate (% per month),Riba (% kwa mwezi),Ohala (% e dwe achiel),,
groupSetupWizardMaxLoanMultiplierSavings,Max Loan Multiplier (× savings),Kikomo cha Mkopo (× akiba),Tongʼ mar Hola (× pesa mokan),,
groupSetupWizardDefaultLoanTermMonths,Default Loan Term (months),Muda wa Kawaida wa Mkopo (miezi),Kinde mar Hola (dweche),,
groupSyncBackUpToCloud,Back Up to Cloud,Hifadhi Kwenye Wingu,Kan e Bor,,
groupSyncUnlinkGroup,Unlink group?,Ondoa kiungo cha kikundi?,Gol tudruok mar riwruok?,,
groupSyncUnlink,Unlink,Ondoa kiungo,Gol tudruok,,
groupSyncNotConnected,Not connected,Haijaunganishwa,Ok otudore,,
groupSyncOpenServerConnection,Open Server Connection,Fungua Muunganisho wa Seva,Yaw Tudruok mar Seva,,
groupSyncLink,Link,Unganisha,Tud,,
groupSyncUnlinkGroup2,Unlink Group,Ondoa Kiungo cha Kikundi,Gol Tudruok mar Riwruok,,
groupSyncNoBackendGroups,No backend groups,Hakuna vikundi kwenye seva,Onge riwruoge e seva,,
groupSyncThisApiKeyCannotSee,This API key cannot see any groups to link to.,Ufunguo huu hauwezi kuona kikundi chochote cha kuunganisha.,Rayaw ni ok nyal neno riwruok moro amora ma dotudre.,,
groupSyncBackendGroup,Backend group,Kikundi kwenye seva,Riwruok manie seva,,
createPollStartAVote,Start a Vote,Anzisha Kura,Chak Yiero,,
createPollEveryonePresentVotesOnceNobody,Everyone present votes once. Nobody can vote twice.,Kila aliyepo hupiga kura mara moja. Hakuna anayeweza kupiga mara mbili.,Ngʼato ka ngʼato manie kanyo yiero dichiel. Onge ngʼama nyalo yiero didiriyo.,,
createPollChooseALeader,Choose a leader,Chagua kiongozi,Yier jatelo,,
createPollDecideSomething,Decide something,Amua jambo,Ngʼad wach moro,,
createPollTickAtLeastTwoPeople,Tick at least two people.,Chagua angalau watu wawili.,Yier ji ariyo kata mokalo.,,
createPollAddAnotherAnswer,Add another answer,Ongeza jibu lingine,Med duoko machielo,,
createPollSecretVote,Secret vote,Kura ya siri,Yiero mopondo,,
createPollOpenTheVote,Open the Vote,Fungua Kura,Yaw Yiero,,
createPollWhichPosition,Which position?,Nafasi ipi?,Kar tich mane?,,
createPollWhatIsTheQuestion,What is the question?,Swali ni lipi?,Penjo en angʼo?,,
createPollShouldWeBuyAGroup,Should we buy a group water tank?,"Je, tununue tanki la maji la kikundi?",Bende wangʼiew tank mar pi mar riwruok?,,
paymentProvidersLeaveABoxEmptyTo,Leave a box empty to keep what is already saved.,Acha kisanduku wazi ili kubaki na kilichohifadhiwa.,We sanduk nono mondo ikan gima osekan.,,
paymentProvidersSave,Save,Hifadhi,Kan,,
paymentProvidersUseThePlatformAccount,Use the platform account?,Tumia akaunti ya jukwaa?,Ti gi akaunt mar platform?,,
paymentProvidersPaymentProviders,Payment Providers,Watoa Huduma za Malipo,Jomiyo Chudo,,
paymentProvidersUsePlatform,Use platform,Tumia jukwaa,Ti gi platform,,
storeShopOnCredit,Shop on credit,Nunua kwa mkopo,Ngʼiew gi hola,,
storeLoanOffersFromLendingPartners,Loan offers from lending partners — apply as a group.,Mikopo kutoka kwa washirika wa kukopesha — omba kama kikundi.,Hola moa kuom joma holo — kwa kaka riwruok.,,
storeSeeAllExternalLoans,See all external loans,Ona mikopo yote ya nje,Ne hola duto moa oko,,
storeConnectToBrowseTheStore,Connect to browse the store,Unganisha ili kutazama duka,Tud mondo ine ohala,,
storeOpenCloudAccount,Open Cloud Account,Fungua Akaunti ya Wingu,Yaw Akaunt mar Bor,,
storeAll,All,Zote,Duto,,
storeCouldNotLoadTheStore,Could not load the store,Imeshindwa kupakia duka,Ohala ok nyal yudore,,
storeNoProductsInThisCategory,No products in this category,Hakuna bidhaa katika kundi hili,Onge gik moko e kit ni,,
storeTryADifferentCategoryOr,Try a different category or check back later.,Jaribu kundi lingine au rudi baadaye.,Tem kit machielo kata iduogi bangʼe.,,
pollsNewVote,New Vote,Kura Mpya,Yiero Manyien,,
pollsGroupVotes,Group votes,Kura za kikundi,Yiero mag riwruok,,
pollsSecret,Secret,Siri,Mopondo,,
pollsYouHaveVoted,You have voted,Umepiga kura,Iseyiero,,
pollsConnectToVote,Connect to vote,Unganisha ili kupiga kura,Tud mondo iyier,,
pollsCouldNotLoadTheVotes,Could not load the votes,Imeshindwa kupakia kura,Yiero ok nyal yudore,,
pollsNoVotesYet,No votes yet,Hakuna kura bado,Onge yiero pod,,
memberPassbookMyPassbook,My Passbook,Kitabu Changu,Buga,,
memberPassbookJoinAGroup,Join a group,Jiunge na kikundi,Donj e riwruok,,
memberPassbookMyReport,My report,Ripoti yangu,Ripot mara,,
memberPassbookMySavingsAcrossAllGroups,My savings across all groups,Akiba yangu katika vikundi vyote,Pesa mokan maga e riwruoge duto,,
memberPassbookJoinAnotherGroup,Join another group,Jiunge na kikundi kingine,Donj e riwruok machielo,,
memberPassbookYouAreNotInA,You are not in a group yet,Bado hujajiunga na kikundi,Pod ok in e riwruok moro,,
memberPassbookNoTransactionsYet,No transactions yet,Hakuna miamala bado,Onge weche motim pod,,
memberPassbookYourSavingsAndLoanRecords,Your savings and loan records will appear here.,Rekodi za akiba na mikopo yako zitaonekana hapa.,Ndiko mag pesa mokan kod hola magi biro nenore ka.,,
joinRequestsDecline,Decline,Kataa,Kwed,,
joinRequestsJoinRequests,Join Requests,Maombi ya Kujiunga,Kwayo mar Donjo,,
joinRequestsPeopleAskingToJoin,People asking to join,Watu wanaoomba kujiunga,Ji makwayo mondo odonji,,
joinRequestsApprove,Approve,Kubali,Yie,,
joinRequestsReasonOptional,Reason (optional),Sababu (si lazima),Gimomiyo (ok ochuno),,
joinRequestsNoOneIsWaiting,No one is waiting,Hakuna anayesubiri,Onge ngʼama rito,,
pollDetailCloseThisVote,Close this vote?,Funga kura hii?,Lor yieroni?,,
pollDetailCloseVote,Close Vote,Funga Kura,Lor Yiero,,
pollDetailVote,Vote,Piga Kura,Yier,,
pollDetailYourChoice,Your choice,Chaguo lako,Yierni,,
pollDetailNoMembersLoadedForThis,No members loaded for this group yet.,Hakuna wanachama waliopakiwa kwa kikundi hiki bado.,Onge jomembe moyudi ne riwruokni pod.,,
pollDetailMemberCastingThisVote,Member casting this vote,Mwanachama anayepiga kura hii,Jamembe mayiero e yieroni,,
groupPolicyHowLongALoanRuns,How long a loan runs,Mkopo hudumu muda gani,Hola kawo kinde marom nade,,
groupPolicyInterestCharged,Interest charged,Riba inayotozwa,Ohala mikawo,,
groupPolicyExpensesArePaidFrom,Expenses are paid from,Gharama hulipwa kutoka,Ohala ichulo koa,,
groupPolicyRulesThatAreFixed,Rules that are fixed,Sheria zisizobadilika,Chike ma ok lokre,,
productDetailRequestOnCredit,Request on Credit,Omba kwa Mkopo,Kwa gi Hola,,
productDetailQuantity,Quantity,Idadi,Kar romo,,
productDetailSubmitRequest,Submit Request,Wasilisha Ombi,Or Kwayo,,
productDetailPricedAtTheStandardDeposit,Priced at the standard deposit — rating unavailable.,Bei ya amana ya kawaida — kiwango hakipatikani.,Nengo mar chudo mokwongo machalre — pim ok yudre.,,
productDetailProgramme,Programme,Programu,Chenro,,
productDetailCustomerName,Customer name,Jina la mteja,Nying jangʼiewo,,
productDetailEmail,Email,Barua pepe,Baruwa mar intanet,,
productDetailGroupNameOptional,Group name (optional),Jina la kikundi (si lazima),Nying riwruok (ok ochuno),,
dashboardHello,Hello 👋,Habari 👋,Amosi 👋,,
dashboardTotalSavings,Total Savings,Jumla ya Akiba,Pesa Duto Mokan,,
dashboardActiveLoans,Active Loans,Mikopo Hai,Hola Matiyo,,
dashboardFinesCollected,Fines Collected,Faini Zilizokusanywa,Chudo Mochoki,,
disburseLoanLoanEligibility,Loan Eligibility,Ustahili wa Mkopo,Romo mar Yudo Hola,,
disburseLoanSelectMember,Select Member,Chagua Mwanachama,Yier Jamembe,,
disburseLoanPrincipalAmountKsh,Principal Amount (KSh),Kiasi cha Msingi (KSh),Pesa Mokwongo (KSh),,
disburseLoanDueDate,Due Date,Tarehe ya Mwisho,Odiechiengʼ mar Chulo,,
joinGroupRequestSent,Request sent,Ombi limetumwa,Kwayo oor,,
joinGroupDone,Done,Imekamilika,Otiek,,
joinGroupAskYourGroupToAdd,Ask your group to add you,Omba kikundi chako kikuongeze,Kwa riwruok mari mondo omedi,,
joinGroupSendRequest,Send request,Tuma ombi,Or kwayo,,
joinGroupViewing,Viewing,Unatazama,Ineno,,
joinGroupGroupCode,Group code,Msimbo wa kikundi,Rangʼiny mar riwruok,,
memberDetailEditDetails,Edit details,Badilisha maelezo,Lok weche,,
memberDetailMemberReport,Member report,Ripoti ya mwanachama,Ripot mar jamembe,,
memberDetailNoLoansTaken,No loans taken,Hakuna mkopo uliochukuliwa,Onge hola mokaw,,
memberDetailStartingPassword,Starting password,Nenosiri la kuanzia,Wach mopondo mar chakruok,,
memberDetailAtLeast6Characters,At least 6 characters.,Angalau herufi 6.,Otonge 6 kata mokalo.,,
cyclesCloseCycle,Close cycle,Funga mzunguko,Lor ndalo,,
cyclesSavingCycles,Saving Cycles,Mizunguko ya Akiba,Ndalo mag Kano,,
cyclesCloseCycleAndStartThe,Close cycle and start the next,Funga mzunguko na uanze ujao,Lor ndalo kendo ichak machielo,,
cyclesReadOnlyStillVisibleIn,Read-only — still visible in reports,Kusoma tu — bado inaonekana kwenye ripoti,Somo kende — pod nenore e ripot,,
externalLoansCreditVentures,Credit ventures,Miradi ya mkopo,Chenro mag hola,,
externalLoansConnectToSeeLoanOffers,Connect to see loan offers,Unganisha ili kuona mikopo iliyopo,Tud mondo ine hola manie,,
externalLoansCouldNotLoadLoanOffers,Could not load loan offers,Imeshindwa kupakia mikopo iliyopo,Hola ok nyal yudore,,
externalLoansNoLoanOffersRightNow,No loan offers right now,Hakuna mkopo kwa sasa,Onge hola sani,,
accountAccount,Account,Akaunti,Akaunt,,
accountServer,Server,Seva,Seva,,
accountAppVersion,App version,Toleo la programu,Kit app,,
accountPhone,Phone,Simu,Simu,,
businessProfileGroupBusiness,Group business,Biashara ya kikundi,Ohala mar riwruok,,
businessProfileWhatDoesTheGroupRun,What does the group run together?,Kikundi kinaendesha biashara gani pamoja?,Riwruok tiyo ohala mane kaachiel?,,
businessProfileTypeOfBusiness,Type of business,Aina ya biashara,Kit ohala,,
businessProfileEGPoultryCerealBuying,"e.g. poultry, cereal buying","mfano: kuku, ununuzi wa nafaka","kaka: gweno, ngʼiewo cham",,
businessProfileMoneyInEachMonthKes,Money in each month (KES),Mapato kila mwezi (KES),Pesa madonjo dwe ka dwe (KES),,
businessProfileCostsEachMonthKes,Costs each month (KES),Gharama kila mwezi (KES),Ohala dwe ka dwe (KES),,
businessProfilePeopleItEmploys,People it employs,Watu inaowaajiri,Ji mumiyo tich,,
businessProfileBiggestProblemTheyFace,Biggest problem they face,Tatizo kubwa wanalokabiliana nalo,Chandruok maduongʼ ma giromogo,,
recordVisitSettings,Settings,Mipangilio,Chenro,,
recordVisitScoreTheGroup,Score the group,Pima kikundi,Pim riwruok,,
recordVisitTheGroupSEnterprise,The group’s enterprise,Biashara ya kikundi,Ohala mar riwruok,,
recordVisitWhatTheyRunTogetherAnd,"What they run together, and how it is doing.","Wanachoendesha pamoja, na kinavyokwenda.","Gima gitiyo kaachiel, kod kaka odhi.",,
recordVisitSavedOnThisPhoneFirst,"Saved on this phone first, then sent when you have signal.","Huhifadhiwa kwenye simu hii kwanza, kisha hutumwa ukipata mtandao.","Ikane e simu ni mokwongo, eka oor ka iyudo mtandao.",,
recordVisitWhyNotOptional,Why not? (optional),Kwa nini hapana? (si lazima),Angʼo momiyo ok? (ok ochuno),,
recordVisitWhatYouFound,What you found,Uliyoyakuta,Gima ineno,,
agentHomeMyGroups,My Groups,Vikundi Vyangu,Riwruoge Maga,,
agentHomeCaseloadReport,Caseload report,Ripoti ya vikundi,Ripot mar riwruoge,,
agentHomeNoGroupsAssigned,No groups assigned,Hakuna kikundi ulichopewa,Onge riwruok momiyi,,
agentHomeGroups,Groups,Vikundi,Riwruoge,,
agentHomeNeedSupport,Need support,Vinahitaji msaada,Dwaro kony,,
loansLoanPortfolio,Loan Portfolio,Jalada la Mikopo,Bug Hola,,
loansActive,Active,Hai,Matiyo,,
loansSearchByMemberName,Search by member name,Tafuta kwa jina la mwanachama,Many gi nying jamembe,,
loansNoLoansHere,No loans here,Hakuna mikopo hapa,Onge hola ka,,
threeKeyUnlockUnlockMeeting,Unlock Meeting,Fungua Mkutano,Yaw Chokruok,,
threeKeyUnlockVerified,Verified,Imethibitishwa,Osegurore,,
threeKeyUnlockSendANewCode,Send a new code,Tuma msimbo mpya,Or rangʼiny manyien,,
threeKeyUnlockNoSmsUseMySaved,No SMS? Use my saved PIN instead,Hakuna SMS? Tumia PIN yangu iliyohifadhiwa,Onge SMS? Ti gi PIN mara mokan,,
threeKeyUnlockOneTimeCode,One-time code,Msimbo wa mara moja,Rangʼiny mar dichiel,,
threeKeyUnlockRepeatPin,Repeat PIN,Rudia PIN,Nwo PIN,,
memberReportMyReport,My Report,Ripoti Yangu,Ripot Mara,,
memberReportShare,Share,Shiriki,Pog,,
memberReportNotSignedIn,Not signed in,Hujaingia,Ok idonjo,,
memberReportSignInToYourAccount,Sign in to your account to see and share your report.,Ingia kwenye akaunti yako ili kuona na kushiriki ripoti yako.,Donji e akaunt mari mondo ine kendo ipog ripot mari.,,
cloudDashboardCloudData,Cloud Data,Data ya Wingu,Weche mag Bor,,
cloudDashboardRefresh,Refresh,Onyesha upya,Nwo,,
cloudDashboardSavingsFund,Savings Fund,Mfuko wa Akiba,Sanduk mar Kano,,
cloudDashboardInternalLoans,Internal Loans,Mikopo ya Ndani,Hola mag Iye,,
serverSettingsOrUseAGroupAccess,or use a group access key,au tumia ufunguo wa kikundi,kata ti gi rayaw mar riwruok,,
serverSettingsViewOnlineRecords,View Online Records,Ona Rekodi za Mtandaoni,Ne Ndiko manie Intanet,,
serverSettingsBackUpThisGroup,Back Up This Group,Hifadhi Kikundi Hiki,Kan Riwruokni,,
serverSettingsAccessKey,Access key,Ufunguo wa kuingia,Rayaw,,
shareOutDistribute,Distribute,Gawanya,Pog,,
shareOutFundToDistribute,Fund to distribute,Mfuko wa kugawanya,Pesa mibiro pogi,,
shareOutSplitWelfareFundEqually,Split welfare fund equally,Gawanya mfuko wa jamii sawa,Pog sanduk mar kony maromre,,
shareOutNothingToShareOutYet,Nothing to share out yet,Hakuna cha kugawanya bado,Onge gima ipogo pod,,
visitAssessmentAssessment,Assessment,Tathmini,Pim,,
visitAssessmentFormNotAvailable,Form not available,Fomu haipatikani,Fom ok yudre,,
visitMentorshipMentorship,Mentorship,Ushauri,Puonj,,
visitMentorshipWhatDidYouCoachOn,What did you coach on?,Ulifundisha nini?,Ne ipuonjo kuom angʼo?,,
visitMentorshipTapATopicToRecord,"Tap a topic to record it, then add what you advised.","Gusa mada ili kuirekodi, kisha andika ulichoshauri.","Mul wach mondo indike, eka imed gima ne ingʼado.",,
visitMentorshipNowHandThePhoneTo,Now hand the phone to the group,Sasa mpe kikundi simu,Koro mi riwruok simu,,
visitMentorshipWhatYouAdvised,What you advised,Ulichoshauri,Gima ne ingʼado,,
agentGroupDetailRecordAVisit,Record a visit,Rekodi ziara,Ndik limbe,,
agentGroupDetailNoMembersLoaded,No members loaded.,Hakuna wanachama waliopakiwa.,Onge jomembe moyudi.,,
agentGroupDetailNoMeetingsLoaded,No meetings loaded.,Hakuna mikutano iliyopakiwa.,Onge chokruoge moyudi.,,
agentGroupDetailToImprove,To improve,Ya kuboresha,Mag medo ber,,
agentGroupDetailGovernance,Governance,Uongozi,Telo,,
agentGroupDetailVslaCompliance,VSLA compliance,Ufuataji wa kanuni za VSLA,Luwo chike mag VSLA,,
recordFineReason,Reason,Sababu,Gimomiyo,,
recordFineSpecifyReason,Specify reason,Eleza sababu,Ler gimomiyo,,
addMemberAddMember,Add Member,Ongeza Mwanachama,Med Jamembe,,
addMemberRegisterMember,Register Member,Sajili Mwanachama,Ndik Jamembe,,
addMemberFullName,Full Name,Jina Kamili,Nying Machielo Duto,,
addMemberPhoneOptional,Phone (optional),Simu (si lazima),Simu (ok ochuno),,
addMemberRole,Role,Nafasi,Kar tich,,
editMemberEditMember,Edit member,Badilisha mwanachama,Lok jamembe,,
editMemberFullName,Full name,Jina kamili,Nying machielo duto,,
membersRequestsToJoin,Requests to join,Maombi ya kujiunga,Kwayo mar donjo,,
membersSearchMembers,Search members,Tafuta wanachama,Many jomembe,,
membersNoMembersFound,No members found,Hakuna mwanachama aliyepatikana,Onge jamembe moyudi,,
meetingSecurity3KeyUnlockBeforeMeetings,3-key unlock before meetings,Funguo 3 kabla ya mikutano,Rayaw 3 kapok chokruok ochakore,,
meetingSecurityKeepPin,Keep PIN,Baki na PIN,We PIN,,
meetingSecurityReset,Reset,Weka upya,Chak kendo,,
agentReportCaseloadReport,Caseload Report,Ripoti ya Vikundi,Ripot mar Riwruoge,,
agentReportShareReport,Share Report,Shiriki Ripoti,Pog Ripot,,
agentReportNeedsSupport,Needs support,Kinahitaji msaada,Dwaro kony,,
agentReportNoRating,No rating,Hakuna kiwango,Onge pim,,
agentReportNoGroupsYet,No groups yet,Hakuna vikundi bado,Onge riwruoge pod,,
groupReportNoGroupYet,No group yet,Hakuna kikundi bado,Onge riwruok pod,,
groupReportSetUpYourGroupFirst,"Set up your group first, then come back for a report.","Sajili kikundi chako kwanza, kisha urudi kwa ripoti.","Los riwruok mari mokwongo, eka iduogi ne ripot.",,
groupReportNoMembersYet,No members yet,Hakuna wanachama bado,Onge jomembe pod,,
groupReportMembersAppearHereOnceThey,Members appear here once they join the group.,Wanachama huonekana hapa wanapojiunga na kikundi.,Jomembe nenore ka bangʼ donjo e riwruok.,,
memberReportLocalMemberReport,Member Report,Ripoti ya Mwanachama,Ripot mar Jamembe,,
memberReportLocalMemberNotFound,Member not found,Mwanachama hakupatikana,Jamembe ok oyudi,,
memberReportLocalThisMemberIsNoLonger,This member is no longer in the group.,Mwanachama huyu hayupo tena kwenye kikundi.,Jamembeni koro onge e riwruok.,,
memberReportLocalLoansThisMemberTakesWill,Loans this member takes will appear here.,Mikopo atakayochukua mwanachama huyu itaonekana hapa.,Hola ma jamembeni biro kawo nonenre ka.,,
externalLoanApplyApplyForALoan,Apply for a Loan,Omba Mkopo,Kwa Hola,,
externalLoanApplySubmitApplication,Submit Application,Wasilisha Ombi,Or Kwayo,,
externalLoanApplyWhatIsTheLoanFor,What is the loan for?,Mkopo ni wa nini?,Hola en mar angʼo?,,
externalLoanApplyEGBuyingMaizeSeed,e.g. Buying maize seed for the season,mfano: kununua mbegu za mahindi kwa msimu,kaka: ngʼiewo kodhi mar oduma mar ndalo mar pur,,
meetingsNoMeetingsYet,No meetings yet,Hakuna mikutano bado,Onge chokruoge pod,,
repaymentRecordRepayment,Record Repayment,Rekodi Marejesho,Ndik Chulo,,
repaymentNoOutstandingLoansNothingTo,No outstanding loans — nothing to repay. 🎉,Hakuna mkopo unaodaiwa — hakuna cha kurejesha. 🎉,Onge hola modongʼ — onge gima ichulo. 🎉,,
repaymentSelectLoan,Select Loan,Chagua Mkopo,Yier Hola,,
moreWhoIsSignedInLanguage,"Who is signed in, language, appearance and app details","Aliyeingia, lugha, mwonekano na maelezo ya programu","Ngʼama odonjo, dhok, kite monenore kod weche mag app",,
moreIntelliCash,Intelli-Cash,Intelli-Cash,Intelli-Cash,,
mySavingsMySavings,My Savings,Akiba Yangu,Pesa Maga Mokan,,
mySavingsOnceAGroupAcceptsYou,"Once a group accepts you, your savings will show here.","Kikundi kikikukubali, akiba yako itaonekana hapa.","Ka riwruok orwaki, pesa mokan magi biro nenore ka.",,
buySharesEnterCodeByHand,Enter Code by Hand,Weka Msimbo kwa Mkono,Ket Rangʼiny gi Lweti,,
buySharesRecordPurchase,Record Purchase,Rekodi Ununuzi,Ndik Ngʼiewo,,
sharesLedgerNoPurchasesYet,No purchases yet,Hakuna ununuzi bado,Onge ngʼiewo pod,,
socialFundThisMeetingIsClosedThe,This meeting is closed — the record is read-only.,Mkutano huu umefungwa — rekodi ni ya kusoma tu.,Chokruokni olor — ndiko gin mag somo kende.,,
socialFundNoMembers,No members,Hakuna wanachama,Onge jomembe,,
socialFundAddMembersToTheGroup,Add members to the group first.,Ongeza wanachama kwenye kikundi kwanza.,Med jomembe e riwruok mokwongo.,,
welcomeUseTheWebConsoleFor,Use the web console for this account,Tumia tovuti kwa akaunti hii,Ti gi intanet ne akauntni,,
welcomeLoadYourGroupOntoThis,Load your group onto this phone,Pakia kikundi chako kwenye simu hii,Kel riwruok mari e simu ni,,
memberReportsTapAMemberToSee,Tap a member to see and share their report.,Gusa mwanachama ili kuona na kushiriki ripoti yake.,Mul jamembe mondo ine kendo ipog ripot mare.,,
openActionItemsNothingOutstanding,Nothing outstanding,Hakuna lililobaki,Onge gima odongʼ,,
openActionItemsThisGroupHasNoOpen,This group has no open actions from previous visits.,Kikundi hiki hakina kazi zilizobaki kutoka ziara zilizopita.,Riwruokni onge gi tije modongʼ moa e limbe mokalo.,,
openActionItemsFromTheLastVisit,From the last visit,Kutoka ziara iliyopita,Moa e limbe mogik,,
loanDetailNoRepaymentsYet,No repayments yet,Hakuna marejesho bado,Onge chulo pod,,
attendanceAttendance,Attendance,Mahudhurio,Bedo e chokruok,,
attendanceContinueToMeeting,Continue to Meeting,Endelea kwenye Mkutano,Dhi Nyime e Chokruok,,
appearanceChooseHowIntelliCashLooks,Choose how Intelli-Cash looks on this phone.,Chagua jinsi Intelli-Cash inavyoonekana kwenye simu hii.,Yier kaka Intelli-Cash nenore e simu ni.,,
gatewayPaymentOpenThisLinkToPay,Open this link to pay:,Fungua kiungo hiki kulipa:,Yaw tudruokni mondo ichul:,,
numericKeypadDelete,Delete,Futa,Ruch,,
agentHomeWhenGroupsAreAssignedToYou,"When groups are assigned to you, they appear here with their credit rating.","Vikundi vikikabidhiwa kwako, vitaonekana hapa pamoja na kiwango chao cha mkopo.","Ka riwruoge omiyi, ginenore ka kaachiel gi pim mar hola mag-gi.",,
dashboardTheSavingsCurveAppearsAfterYour,The savings curve appears after your first two meetings.,Mchoro wa akiba huonekana baada ya mikutano yako miwili ya kwanza.,Kido mar pesa mokan nenore bangʼ chokruoge ariyo mokwongo.,,
disburseLoanThisMemberHasNoBorrowingHeadroom,This member has no borrowing headroom — savings must grow or the current loan must reduce first.,Mwanachama huyu hana nafasi ya kukopa — akiba lazima iongezeke au mkopo wa sasa upungue kwanza.,Jamembeni onge gi thuolo mar holo — pesa mokan nyaka medre kata hola ma en-go nyaka dok piny mokwongo.,,
disburseLoanTheLoanFundIsEmptyCollect,The loan fund is empty. Collect share purchases or loan repayments before lending again.,Mfuko wa mikopo ni tupu. Kusanya ununuzi wa hisa au marejesho ya mikopo kabla ya kukopesha tena.,Sanduk mar hola onge gimoro. Chok ngʼiewo mar hisa kata chulo mar hola kapok ichako holo kendo.,,
loanDetailRepaymentsAreRecordedInsideMeetingsAnd,Repayments are recorded inside meetings and appear here instantly.,Marejesho hurekodiwa ndani ya mikutano na huonekana hapa mara moja.,Chulo indiko e chokruoge kendo nenore ka gisano.,,
loansLoansAreDisbursedInsideAMeeting,Loans are disbursed inside a meeting — open a meeting and use Disburse Loan.,Mikopo hutolewa ndani ya mkutano — fungua mkutano kisha tumia Toa Mkopo.,Hola ichiwo e chokruok — yaw chokruok eka iti gi Chiw Hola.,,
gatewayPaymentRequestSentAskTheMemberTo,Request sent. Ask the member to enter their M-Pesa PIN on their phone.,Ombi limetumwa. Mwambie mwanachama aweke PIN yake ya M-Pesa kwenye simu yake.,Kwayo oor. Kwa jamembe mondo oket PIN mare mar M-Pesa e simu mare.,,
meetingHubThisMeetingIsClosedItsRecords,This meeting is closed. Its records are read-only and form part of the audit trail.,Mkutano huu umefungwa. Rekodi zake ni za kusoma tu na ni sehemu ya kumbukumbu za ukaguzi.,Chokruokni olor. Ndiko mage gin mag somo kende kendo gin achiel kuom nonro.,,
meetingHubAllRecordsInThisMeetingWill,All records in this meeting will be locked permanently. This cannot be undone.,Rekodi zote za mkutano huu zitafungwa milele. Hili haliwezi kutenguliwa.,Ndiko duto mag chokruokni ibiro lor nyaka chiengʼ. Ma ok nyal lokre.,,
meetings3KeyUnlockIsOnOfficials,3-key unlock is on: officials confirm their PINs before the meeting opens.,Funguo 3 zimewashwa: viongozi huthibitisha PIN zao kabla mkutano kufunguliwa.,Rayaw 3 tiyo: jotelo guro PIN mag-gi kapok chokruok oyaw.,,
meetingsStartYourFirstMeetingToRecord,"Start your first meeting to record attendance, savings, fines and loans.","Anzisha mkutano wako wa kwanza ili kurekodi mahudhurio, akiba, faini na mikopo.","Chak chokruok mari mokwongo mondo indik bedo e chokruok, pesa mokan, chudo kod hola.",,
meetingsClosedMeetingsAreLockedTheirRecords,Closed meetings are locked — their records form the group\'s permanent audit trail.,Mikutano iliyofungwa imefungwa — rekodi zake ni kumbukumbu za kudumu za kikundi.,Chokruoge molor olor — ndiko mag-gi ema gin nonro mar riwruok manyaka chiengʼ.,,
sharesLedgerSharePurchasesLandHereTheMoment,Share purchases land here the moment they are recorded.,Ununuzi wa hisa huonekana hapa mara tu unaporekodiwa.,Ngʼiewo mar hisa nenore ka sano ka ondiki.,,
joinGroupYourGroupHasACodeOn,Your group has a code on its records — ask the secretary if you do not know it. Sending a request does not open the group\'s books to you; an official has to accept you first.,Kikundi chako kina msimbo kwenye rekodi zake — muulize katibu kama hukijui. Kutuma ombi hakukufungulii vitabu vya kikundi; kiongozi lazima akukubali kwanza.,Riwruok mari nigi rangʼiny e ndiko mage — penj jagoro ka ok ingʼeye. Oro kwayo ok yawni buge mag riwruok; jatelo nyaka rwaki mokwongo.,,
memberPassbookAskYourGroupToAddYou,Ask your group to add you and your savings will show up here.,Omba kikundi chako kikuongeze na akiba yako itaonekana hapa.,Kwa riwruok mari mondo omedi eka pesa mokan magi nonenre ka.,,
editMemberCorrectingASpellingOrAMistyped,"Correcting a spelling or a mistyped number. Their savings, loans and attendance stay exactly as they are.","Kurekebisha herufi au namba iliyokosewa. Akiba, mikopo na mahudhurio yao hubaki kama yalivyo.","Loso otonge kata namba mane ondik marach. Pesa mokan, hola kod bedo e chokruok mage siko kaka gin.",,
joinRequestsTheyWillNotBeAddedTo,They will not be added to the group. You can say why if you want to — it is not required.,Hataongezwa kwenye kikundi. Unaweza kueleza sababu ukitaka — si lazima.,Ok nomedi e riwruok. Inyalo wacho gimomiyo ka idwaro — ok ochuno.,,
joinRequestsThisListIsOutOfDate,"This list is out of date. Pull down to refresh, then check the answer again.","Orodha hii si ya sasa. Vuta chini ili kuonyesha upya, kisha angalia jibu tena.","Chenroni ok en mar sani. Ywa piny mondo onwo, eka ine duoko kendo.",,
joinRequestsWhenSomeoneAsksToJoinYour,"When someone asks to join your group, their request will show up here for you to answer.","Mtu akiomba kujiunga na kikundi chako, ombi lake litaonekana hapa ili ulijibu.","Ka ngʼato okwayo mondo odonji e riwruok mari, kwaye nonenre ka mondo iduok.",,
memberDetailToCreateASignInAccount,"To create a sign-in account, first back this group up to the cloud (More → Sync & Backup) while online.","Ili kutengeneza akaunti ya kuingia, kwanza hifadhi kikundi hiki kwenye wingu (Mangine → Sync & Backup) ukiwa mtandaoni.","Mondo ilos akaunt mar donjo, mokwongo kan riwruokni e bor (Mamoko → Sync & Backup) ka in gi intanet.",,
memberDetailLoansThisMemberTakesWillBe,Loans this member takes will be listed here with their live status.,Mikopo atakayochukua mwanachama huyu itaorodheshwa hapa na hali yake ya sasa.,Hola ma jamembeni biro kawo ibiro ndiki ka kaachiel gi kaka gichalo sani.,,
membersAddMembersWithTheButtonBelow,Add members with the button below — each gets an individual savings and loan profile.,Ongeza wanachama kwa kitufe kilicho chini — kila mmoja hupata rekodi yake ya akiba na mikopo.,Med jomembe gi rayaw manie piny — ngʼato ka ngʼato yudo ndiko mare owuon mar pesa mokan kod hola.,,
meetingSecurityAssignAChairpersonSecretaryAndTreasurer,"Assign a chairperson, secretary and treasurer below so three officials can unlock meetings. Until then, most members\' PINs are needed instead.","Teua mwenyekiti, katibu na mweka hazina hapa chini ili viongozi watatu waweze kufungua mikutano. Hadi hapo, PIN za wanachama wengi ndizo zitahitajika.","Yier jakom, jagoro kod jakeno e piny mondo jotelo adek onyal yawo chokruoge. Kapok mano, PIN mag jomembe mangʼeny ema dwarore.",,
meetingSecurityTheOldPinStopsWorkingThe,The old PIN stops working. The member chooses a new PIN the next time they turn their key at a meeting unlock.,PIN ya zamani huacha kufanya kazi. Mwanachama huchagua PIN mpya wakati mwingine atakapotumia ufunguo wake kufungua mkutano.,PIN machon weyo tiyo. Jamembe yiero PIN manyien kinde machielo ma otiyo gi rayaw mare e yawo chokruok.,,
moreYourGroupSSavingsAndLoans,"Your group\'s savings and loans, right on your phone. Everything is saved on this phone first and backed up online when you have internet.\n\nIntelli-Wealth Limited · intelliwealth.org","Akiba na mikopo ya kikundi chako, hapo hapo kwenye simu yako. Kila kitu huhifadhiwa kwenye simu hii kwanza, kisha hufanyiwa nakala mtandaoni ukipata intaneti.

Intelli-Wealth Limited · intelliwealth.org","Pesa mokan kod hola mag riwruok mari, e simu mari. Gimoro amora ikano e simu ni mokwongo, eka okan e intanet ka iyudo mtandao.

Intelli-Wealth Limited · intelliwealth.org",,
moreNoInternetYourRecordsAreSafe,No internet — your records are safe on this phone and will back up later.,Hakuna intaneti — rekodi zako ziko salama kwenye simu hii na zitahifadhiwa baadaye.,Onge intanet — ndiko magi ni maber e simu ni kendo ibiro kan bangʼe.,,
welcomeThePhoneAppIsForGroups,"The phone app is for groups, members and field agents. Your account does not need to create a group here — sign in on the web console instead, or sign out to use a different account.","Programu ya simu ni ya vikundi, wanachama na maafisa wa uwandani. Akaunti yako haihitaji kuunda kikundi hapa — ingia kwenye tovuti badala yake, au toka ili kutumia akaunti nyingine.","App mar simu en mar riwruoge, jomembe kod jokony mag gwengʼ. Akaunt mari ok dwar loso riwruok ka — donji e intanet kar mano, kata wuog mondo iti gi akaunt machielo.",,
welcomeYourGroupIsAlreadyOnThe,"Your group is already on the server. Load it here instead of creating a new one, so your savings history stays in one record.","Kikundi chako tayari kiko kwenye seva. Kipakie hapa badala ya kuunda kipya, ili historia ya akiba yako ibaki rekodi moja.","Riwruok mari nitie e seva. Kele ka kar loso manyien, mondo weche mag pesa mokan magi osik e ndiko achiel.",,
agentReportWhenGroupsAreAssignedToYou,"When groups are assigned to you, their report appears here.","Vikundi vikikabidhiwa kwako, ripoti yake itaonekana hapa.","Ka riwruoge omiyi, ripot mag-gi nenore ka.",,
groupReportFiguresFromThisPhoneOnlyWork,Figures from this phone only - work saved on other phones may not be included yet.,Takwimu za simu hii pekee - kazi iliyohifadhiwa kwenye simu nyingine huenda bado haijajumuishwa.,Namba moa e simu ni kende - tich mokan e simu mamoko nyalo bedo ni pod ok oriw.,,
groupReportFromThisPhoneOnlyWorkSaved,From this phone only. Work saved on other phones may not be included yet.,Kutoka simu hii pekee. Kazi iliyohifadhiwa kwenye simu nyingine huenda bado haijajumuishwa.,Koa e simu ni kende. Tich mokan e simu mamoko nyalo bedo ni pod ok oriw.,,
memberReportLocalFiguresFromThisPhoneOnlyRecords,Figures from this phone only - records saved elsewhere may not be included yet.,Takwimu za simu hii pekee - rekodi zilizohifadhiwa kwingine huenda bado hazijajumuishwa.,Namba moa e simu ni kende - ndiko mokan kamoro machielo nyalo bedo ni pod ok oriw.,,
mySavingsWhatYouOweIsCountedFor,What you owe is counted for each group on its own. Paying extra in one group does not reduce what you owe in another.,Deni lako huhesabiwa kwa kila kikundi peke yake. Kulipa zaidi katika kikundi kimoja hakupunguzi deni lako katika kingine.,Gopi ikwano ne riwruok ka riwruok kende. Chulo mangʼeny e riwruok achiel ok dwok piny gopi e riwruok machielo.,,
groupSyncThisClearsTheLocalBackendMapping,This clears the local↔backend mapping. Already-synced records stay on the server; nothing is deleted.,Hii huondoa uhusiano kati ya simu na seva. Rekodi zilizokwisha sawazishwa hubaki kwenye seva; hakuna kinachofutwa.,Ma golo tudruok manie kind simu kod seva. Ndiko moseriw siko e seva; onge gima iruchi.,,
groupSyncConnectToTheIntellicashBackendBefore,Connect to the IntelliCash backend before linking and syncing this group.,Unganisha kwenye seva ya IntelliCash kabla ya kuunganisha na kusawazisha kikundi hiki.,Tud gi seva mar IntelliCash kapok itudo kendo iriwo riwruokni.,,
groupSyncLinkingMatchesYourLocalMembersTo,"Linking matches your local members to the backend roster by phone, then name. Unmatched members can be linked by hand afterwards.","Kuunganisha hulinganisha wanachama wa simu hii na orodha ya seva kwa namba ya simu, kisha kwa jina. Wasiolingana wanaweza kuunganishwa kwa mkono baadaye.","Tudruok romo jomembe mag simu ni gi chenro mar seva kokalo kuom namba mar simu, eka kuom nying. Joma ok oromo inyalo tudo gi lwedo bangʼe.",,
groupSyncTheseLocalMembersHaveNoBackend,These local members have no backend match. Link them before their transactions can sync.,Wanachama hawa wa simu hii hawana wenzao kwenye seva. Waunganishe kabla miamala yao haijaweza kusawazishwa.,Jomembe mag simu ni onge gi joma romogo e seva. Tudgi kapok weche mag-gi nyalo riwore.,,
groupSyncUploadsAttendanceAndLedgerSharesSocial,"Uploads attendance and ledger (shares, social fund, loans, repayments) for every closed meeting. Safe to re-run — already synced records are skipped. Fines and meeting sealing come in a later phase.","Hupakia mahudhurio na daftari (hisa, mfuko wa jamii, mikopo, marejesho) kwa kila mkutano uliofungwa. Ni salama kurudia — rekodi zilizokwisha sawazishwa huachwa. Faini na kufunga mikutano huja katika hatua ijayo.","Oro bedo e chokruok kod bug weche (hisa, sanduk mar kony, hola, chulo) mar chokruok ka chokruok molor. Ber nwoyo — ndiko moseriw ikalo. Chudo kod loro chokruoge biro bangʼe.",,
serverSettingsAskYourGroupAdministratorForAn,"Ask your group administrator for an access key, then paste it here. It only lets this phone see and record your group\'s savings, loans and meetings.","Omba msimamizi wa kikundi chako ufunguo wa kuingia, kisha ubandike hapa. Unaruhusu simu hii kuona na kurekodi akiba, mikopo na mikutano ya kikundi chako tu.","Kwa jarit mar riwruok mari rayaw, eka iket ka. Oyie mana simu ni mondo one kendo ondik pesa mokan, hola kod chokruoge mag riwruok mari.",,
cyclesPullDownToTryAgainIf,"Pull down to try again. If it keeps happening, check the group is still selected under Cloud Account.","Vuta chini ujaribu tena. Ikiendelea, hakikisha kikundi bado kimechaguliwa chini ya Akaunti ya Wingu.","Ywa piny item kendo. Ka omedo timore, ne ka riwruok pod oyier e bwo Akaunt mar Bor.",,
cyclesClosingACycleMakesItsRecords,Closing a cycle makes its records read-only. Nothing is deleted — past meetings and money stay in history and reports.,Kufunga mzunguko hufanya rekodi zake ziwe za kusoma tu. Hakuna kinachofutwa — mikutano na fedha zilizopita hubaki kwenye historia na ripoti.,Loro ndalo miyo ndiko mage bedo mag somo kende. Onge gima iruchi — chokruoge kod pesa mokalo siko e weche machon kod ripot.,,
cyclesYouCanSeeTheCyclesBut,You can see the cycles but not close one. Only the group account or a platform admin can.,Unaweza kuona mizunguko lakini huwezi kufunga. Ni akaunti ya kikundi au msimamizi wa jukwaa pekee anayeweza.,Inyalo neno ndalo to ok inyal loro. Mana akaunt mar riwruok kata jarit mar platform ema nyalo.,,
groupPolicyAppliesToNewLoansLoansAlready,Applies to new loans. Loans already given keep the term they were agreed with — changing this never changes what a member already owes.,Hutumika kwa mikopo mipya. Mikopo iliyokwisha tolewa hubaki na muda iliokubaliwa — kubadilisha hili hakubadilishi deni la mwanachama.,Tiyo ne hola manyien. Hola mosechiw siko gi kinde mane oyiego — loko ma ok lok gima jamembe osegopo.,,
groupPolicyFlatOnTheAmountBorrowedEach,"Flat on the amount borrowed each month — it does not fall as the member repays, and it stops at the end of the agreed term. Zero is fine: many groups lend interest-free. Each loan keeps the rate it was made at, so changing this never reprices money already lent.","Ni kiwango kimoja juu ya kiasi kilichokopwa kila mwezi — hakipungui mwanachama anapolipa, na huisha mwisho wa muda uliokubaliwa. Sifuri ni sawa: vikundi vingi hukopesha bila riba. Kila mkopo hubaki na riba uliotolewa nayo, kwa hivyo kubadilisha hili hakubadilishi fedha zilizokwisha kopeshwa.","En pim achiel kuom pesa mane oholo dwe ka dwe — ok odok piny ka jamembe chulo, kendo orumo e giko mar kinde mane oyiego. Nono ber: riwruoge mangʼeny holo maonge ohala. Hola ka hola siko gi ohala mane ochiwego, omiyo loko ma ok lok pesa moseholi.",,
groupPolicyYouCanSeeTheseRulesBut,You can see these rules but not change them. Only the group account or a platform admin can.,Unaweza kuona sheria hizi lakini huwezi kuzibadilisha. Ni akaunti ya kikundi au msimamizi wa jukwaa pekee anayeweza.,Inyalo neno chikegi to ok inyal lokogi. Mana akaunt mar riwruok kata jarit mar platform ema nyalo.,,
groupPolicyUnpaidFinesAndWelfareAreTaken,Unpaid fines and welfare are taken off a member\'s share-out payout — they never stop a member from sharing out.\n\nOutstanding loans are taken off at share-out and are never carried into the next cycle.,"Faini na michango ya jamii ambayo haijalipwa hukatwa kwenye mgao wa mwanachama — kamwe hazimzuii mwanachama kushiriki mgao.

Mikopo ambayo haijalipwa hukatwa wakati wa mgao na kamwe haipelekwi mzunguko unaofuata.","Chudo kod kony ma ok ochul igolo e pok mar jamembe — ok gigengʼ jamembe kuom yudo pok.

Hola ma ok ochul igolo e sa mar pogruok kendo ok ter e ndalo machielo.",,
paymentProvidersMPesaClassicNeedsNothingHere,M-Pesa Classic needs nothing here — the member types in the transaction code from their phone.,M-Pesa Classic haihitaji chochote hapa — mwanachama huandika msimbo wa muamala kutoka simu yake.,M-Pesa Classic ok dwar gimoro ka — jamembe ema ndiko rangʼiny mar wach koa e simu mare.,,
paymentProvidersYouCanSeeThisButNot,You can see this but not change it. Only the group account or a platform admin can move where money is received.,Unaweza kuona hili lakini huwezi kulibadilisha. Ni akaunti ya kikundi au msimamizi wa jukwaa pekee anayeweza kuhamisha mahali fedha zinapopokelewa.,Inyalo neno ma to ok inyal loke. Mana akaunt mar riwruok kata jarit mar platform ema nyalo loko kama pesa yudore.,,
welfareYouAreOfflineWelfarePaymentsAre,You are offline. Welfare payments are recorded on the server so the fund cannot be overspent by two phones at once — reconnect to record one.,Huna mtandao. Malipo ya jamii hurekodiwa kwenye seva ili mfuko usitumike kupita kiasi na simu mbili kwa wakati mmoja — unganisha ili kurekodi.,Ionge e mtandao. Chudo mar kony indiko e seva mondo sanduk kik ti mokalo gi simu ariyo sa achiel — tud kendo mondo indik.,,
welfareNoMeetingIsOpenWelfareIs,"No meeting is open. Welfare is paid out during a meeting, in front of the members — open one first, then record it there.","Hakuna mkutano ulio wazi. Fedha za jamii hulipwa wakati wa mkutano, mbele ya wanachama — fungua mkutano kwanza, kisha rekodi hapo.","Onge chokruok moyaw. Pesa mar kony ichulo e sa mar chokruok, e nyim jomembe — yaw chokruok mokwongo, eka indik kanyo.",,
shareOutMembersHavenTBoughtSharesThis,"Members haven\'t bought shares this cycle. Run meetings and collect shares first, then come back to distribute the fund.","Wanachama hawajanunua hisa mzunguko huu. Endesha mikutano na kusanya hisa kwanza, kisha urudi kugawanya mfuko.","Jomembe pok ongʼiewo hisa e ndaloni. Ti chokruoge kendo ichok hisa mokwongo, eka iduogi mondo ipog pesa.",,
externalLoanApplyCreditRatingUnavailableTheLenderChecks,Credit rating unavailable — the lender checks it when reviewing your application.,Kiwango cha mkopo hakipatikani — mkopeshaji hukiangalia anapopitia ombi lako.,Pim mar hola ok yudre — ngʼat maholo ema nene ka onono kwayo mari.,,
externalLoansCheckBackLaterPartnersAddNew,Check back later — partners add new loan offers from time to time.,Rudi baadaye — washirika huongeza mikopo mipya mara kwa mara.,Duogi bangʼe — joma wariwore kodgi medo hola manyien kinde ka kinde.,,
externalLoansExternalLoansLoadFromTheIntelli,External loans load from the Intelli-Cash backend. Connect or sign in first.,Mikopo ya nje hupakiwa kutoka seva ya Intelli-Cash. Unganisha au ingia kwanza.,Hola moa oko yudore koa e seva mar Intelli-Cash. Tud kata idonji mokwongo.,,
storeFarmSolarHouseholdAndBusinessProducts,"Farm, solar, household and business products — priced by your group\'s credit rating.","Bidhaa za shamba, sola, nyumbani na biashara — bei kulingana na kiwango cha mkopo cha kikundi chako.","Gik mag puodho, chiengʼ, ot kod ohala — nengo luwore gi pim mar hola mar riwruok mari.",,
storeIntelliStoresLoadsFromTheIntelli,Intelli-Stores loads from the Intelli-Cash backend. Connect or sign in first.,Intelli-Stores hupakiwa kutoka seva ya Intelli-Cash. Unganisha au ingia kwanza.,Intelli-Stores yudore koa e seva mar Intelli-Cash. Tud kata idonji mokwongo.,,
businessProfileTheGroupSOwnEnterpriseNot,"The group\'s own enterprise, not a member\'s. Leave blank if they do not run one.","Biashara ya kikundi chenyewe, si ya mwanachama. Acha wazi kama hawana.","Ohala mar riwruok owuon, ok mar jamembe. We nono ka gionge gi moro.",,
businessProfileThisVisitHasNotSyncedYet,"This visit has not synced yet, so the figures are saved against the group but not against this visit.","Ziara hii bado haijasawazishwa, kwa hivyo takwimu zimehifadhiwa kwa kikundi lakini si kwa ziara hii.","Limbeni pok oriwore, omiyo namba okan ne riwruok to ok ne limbeni.",,
businessProfileSavedAgainstThisVisitSoNext,"Saved against this visit, so next time you can see what changed.","Imehifadhiwa kwa ziara hii, ili wakati ujao uone kilichobadilika.","Okan ne limbeni, mondo kinde machielo ine gima oselokore.",,
recordVisitAVisitCanStillBeRecorded,"A visit can still be recorded without a location. Whether it matches this group is decided by the office, not here.","Ziara bado inaweza kurekodiwa bila mahali. Kama inalingana na kikundi hiki huamuliwa na ofisi, si hapa.","Limbe pod inyalo ndiki maonge kama otimore. Ka oromo gi riwruokni ingʼado e ofis, ok ka.",,
recordVisitRecordWhatYouCoachedOnThen,"Record what you coached on, then let the group score it.","Rekodi ulichofundisha, kisha waache kikundi kikipime.","Ndik gima ne ipuonjo, eka iwe riwruok opime.",,
visitAssessmentNoAssessmentFormHasBeenDownloaded,"No assessment form has been downloaded yet. Connect once to fetch it, then it works offline.","Hakuna fomu ya tathmini iliyopakuliwa bado. Unganisha mara moja ili kuipata, kisha itafanya kazi bila mtandao.","Onge fom mar pim moseyudi. Tud dichiel mondo iyude, eka otiyo maonge mtandao.",,
visitMentorshipNotScoredYetAVisitCan,"Not scored yet. A visit can be recorded without it, but the group\'s view is the only useful measure of the coaching.","Bado haijapimwa. Ziara inaweza kurekodiwa bila hii, lakini maoni ya kikundi ndiyo kipimo pekee muhimu cha ushauri.","Pok opim. Limbe inyalo ndiki maonge ma, to paro mar riwruok ema en pim makende maber mar puonj.",,
createPollNoMembersLoadedForThisGroup,No members loaded for this group yet. Connect and open the group first.,Hakuna wanachama waliopakiwa kwa kikundi hiki bado. Unganisha na ufungue kikundi kwanza.,Onge jomembe moyudi ne riwruokni pod. Tud kendo iyaw riwruok mokwongo.,,
createPollNobodySeesWhoVotedForWhat,Nobody sees who voted for what. The counts are still shown to everyone.,Hakuna anayeona nani alipiga kura kwa nini. Idadi bado huonyeshwa kwa kila mtu.,Onge ngʼama neno ngʼat mane oyiero ngʼa. Kwan pod inyiso ji duto.,,
pollDetailNoMoreVotesCanBeCast,"No more votes can be cast after this, and the result is written into the group records. This cannot be undone.","Hakuna kura zaidi zitakazopigwa baada ya hii, na matokeo huandikwa kwenye rekodi za kikundi. Hili haliwezi kutenguliwa.","Onge yiero machielo manyalo timore bangʼ ma, kendo duoko indiko e ndiko mag riwruok. Ma ok nyal lokre.",,
pollDetailClosingCountsTheVotesAndWrites,Closing counts the votes and writes the result into the group records.,Kufunga huhesabu kura na kuandika matokeo kwenye rekodi za kikundi.,Loro kwano yiero kendo ndiko duoko e ndiko mag riwruok.,,
pollDetailYouHaveVotedThisIsA,"You have voted. This is a secret ballot, so your choice is not shown to anyone.","Umepiga kura. Hii ni kura ya siri, kwa hivyo chaguo lako halionyeshwi kwa mtu yeyote.","Iseyiero. Ma en yiero mopondo, omiyo yierni ok nyis ngʼato angʼata.",,
pollsElectYourLeadersAndDecideTogether,"Elect your leaders and decide together. One member, one vote.","Chagua viongozi wenu na muamue pamoja. Mwanachama mmoja, kura moja.","Yieruru jotendu kendo ungʼaduru kaachiel. Jamembe achiel, yiero achiel.",,
pollsTapNewVoteToElectA,Tap New Vote to elect a leader or put a question to the group.,Gusa Kura Mpya ili kuchagua kiongozi au kuuliza kikundi swali.,Mul Yiero Manyien mondo iyier jatelo kata iket penjo ne riwruok.,,
pollsVotingIsKeptOnTheIntelli,Voting is kept on the Intelli-Cash backend so every member sees the same tally. Connect or sign in first.,Kura huhifadhiwa kwenye seva ya Intelli-Cash ili kila mwanachama aone idadi ile ile. Unganisha au ingia kwanza.,Yiero ikano e seva mar Intelli-Cash mondo jamembe ka jamembe one kwan machalre. Tud kata idonji mokwongo.,,
unlockOpensWhen,The meeting opens when {officials} officials — or {members} members — each turn their key.,Mkutano hufunguliwa viongozi {officials} — au wanachama {members} — wanapotumia funguo zao.,Chokruok yawore ka jotelo {officials} — kata jomembe {members} — otiyo gi rayaw mag-gi.,,
paymentProvidersStillNeeded,Not finished — still needed: {fields}. Until then money still goes to the platform account.,Haijakamilika — bado inahitajika: {fields}. Hadi hapo fedha bado huenda kwenye akaunti ya jukwaa.,Pok orumo — pod dwarore: {fields}. Kapok mano pesa pod dhi e akaunt mar platform.,,
welfareSharedOutExplainer,This is what gets shared out at the end of the cycle — not the total contributed. {paidOut} has been paid out so far.,Hiki ndicho kitakachogawanywa mwisho wa mzunguko — si jumla iliyochangwa. {paidOut} imelipwa hadi sasa.,Ma e gima ipogo e giko mar ndalo — ok pesa duto mane ochiw. {paidOut} osechul nyaka sani.,,
shareOutStartsNextCycle,"This records every payout, settles outstanding loans, and starts Cycle {cycle}. It cannot be undone.","Hii hurekodi kila malipo, humaliza mikopo iliyobaki, na huanzisha Mzunguko {cycle}. Haiwezi kutenguliwa.","Ma ndiko chudo ka chudo, chulo hola modongʼ, kendo chako Ndalo {cycle}. Ok nyal lokre.",,
visitAssessmentPhotoCapReached,This visit already has {max} photos.,Ziara hii tayari ina picha {max}.,Limbeni osebedo gi pichni {max}.,,
languageDraftBadge,draft,rasimu,rasimu,,
